Book Id,Title,Author,ISBN,ISBN13,My Rating,Average Rating,Publisher,Binding,Number of Pages,Year Published,Original Publication Year,Date Read,Date Added,Status
228196481,Pucking Strong (Jacksonville Rays #4),Emily Rath,1962350053,9781962350051,3,4.49,Emily Rath Books,Kindle Edition,678,2025,2025,9/20/25,7/2/25,read
203194093,Not in My Book,Katie  Holt,1639109765,9781639109760,3,3.8,Alcove Press,Kindle Edition,320,2024,2024,9/16/25,9/16/25,read
238713934,Love & Other Killers,Brynne Weaver,1662535899,9781662535895,4,4.09,Amazon Original Stories,Kindle Edition,61,2025,,9/14/25,8/18/25,read
228013651,Wild Card,Elsie Silver,,,4,4.23,Elsie Silver Literary Inc.,Kindle Edition,390,2025,2025,9/14/25,5/27/25,read
197054431,"Magnolia Parks: Into the Dark (Magnolia Parks Universe, #5)",Jessa Hastings,0593474953,9780593474952,5,4.34,Dutton,Kindle Edition,720,2024,2024,9/13/25,9/13/25,read
168437603,"Daisy Haites: The Great Undoing (The Magnolia Parks Universe, #4)",Jessa Hastings,0593474937,9780593474938,5,4.46,Dutton,Kindle Edition,489,2022,2022,9/9/25,9/9/25,read
223394307,"The Good Girl Effect (Salacious Legacy, #1)",Sara Cate,1464234469,9781464234460,0,4.2,Sourcebooks Casablanca,Paperback,371,2025,,,9/7/25,to-read
61447046,"Magnolia Parks: The Long Way Home (Magnolia Parks Universe, #3)",Jessa Hastings,,9798985331738,5,4.24,,Kindle Edition,645,2022,2022,9/9/25,9/7/25,read
168437435,Daisy Haites (The Magnolia Parks Universe Book 2),Jessa Hastings,0593474899,9780593474891,5,4.07,Dutton,Kindle Edition,507,2021,2021,9/6/25,9/3/25,read
168437483,"Magnolia Parks (The Magnolia Parks Universe, #1)",Jessa Hastings,0593474872,9780593474877,5,3.67,Dutton,Kindle Edition,442,2021,2021,9/2/25,9/2/25,read
222395340,For Wrath and Redemption (The Hometown Heartless),Brit Benson,,,3,4.48,Brit Benson Books,Kindle Edition,461,2025,,9/1/25,9/1/25,read
211400175,The Favorites,Layne Fargo,0593732057,9780593732052,0,4.08,Random House,Kindle Edition,439,2025,2025,,6/7/25,to-read
58367840,"Love You Better (Better Love, #1)",Brit Benson,,,0,3.83,Brit Benson Books,Kindle Edition,312,2021,2021,,8/28/25,to-read
216803399,"Of Heartbreak and Harmony (The Hometown Heartless, #2)",Brit Benson,,,4,4.28,Brit Benson Books,Kindle Edition,480,2024,,8/31/25,8/31/25,read
139402719,"Between Never and Forever (The Hometown Heartless, #1)",Brit Benson,,,4,4.22,Brit Benson Books,Kindle Edition,484,2023,2023,8/29/25,8/28/25,read
217218373,Say You'll Remember Me,Abby Jimenez,1538759209,9781538759202,4,4.03,Forever,Kindle Edition,361,2025,2025,8/28/25,2/7/25,read
60889030,"We'll Always Have Summer (Summer, #3)",Jenny Han,,,4,3.78,,Kindle Edition,290,2022,2011,8/27/25,8/26/25,read
192321724,"It's Not Summer Without You (Summer, #2)",Jenny Han,,,4,3.75,Simon & Schuster Children's Publishing,Kindle Edition,,2023,2010,8/26/25,8/25/25,read
60911699,"The Summer I Turned Pretty (Summer, #1)",Jenny Han,,,4,3.74,Simon & Schuster Books for Young Readers,Kindle Edition,295,2022,2009,8/25/25,8/24/25,read
131725838,The Song of Achilles,Madeline Miller,,,0,4.31,Bloomsbury UK,Unbound,0,,2011,,8/25/25,to-read
214151565,Count My Lies,Sophie Stava,1668079348,9781668079348,0,3.73,Gallery/Scout Press,Hardcover,336,2025,2025,,8/25/25,to-read
215237011,Retreat,Krysten Ritter,0063334623,9780063334625,2,3.7,Harper,Kindle Edition,271,2025,2025,8/24/25,8/21/25,read
81603439,Daisy Jones & The Six,Taylor Jenkins Reid,,,4,4.2,Ballantine Books,Kindle Edition,352,2019,2019,8/23/25,6/7/25,read
204021823,Unsteady,Peyton Corinne,1668067005,9781668067000,3,3.87,Atria Books,Kindle Edition,367,2024,2023,8/18/25,8/18/25,read
205762622,"The Finish Line (The Ravenhood, #3)",Kate  Stewart,1496754638,9781496754639,5,4.24,Kensington,Kindle Edition,560,2024,2021,8/15/25,7/2/25,read
210365571,One Last Rainy Day: The Legacy of a Prince,Kate  Stewart,1496754646,9781496754646,5,4.54,Kensington,Kindle Edition,480,2024,2023,8/15/25,7/2/25,read
210387742,"Bourbon & Lies (The Bourbon Boys, #1)",Victoria   Wilder,,,0,4.07,,Kindle Edition,448,2024,2024,,8/21/25,to-read
217516050,"Severed Heart (Ravenhood Legacy, #2)",Kate  Stewart,1496757017,9781496757012,5,4.71,Kensington,Kindle Edition,720,2025,2024,8/15/25,7/2/25,read
217387810,The Love Haters,Katherine Center,1250283825,9781250283825,2,3.82,St. Martin's Press,Kindle Edition,309,2025,2025,8/15/25,2/7/25,read
207110848,"The Devious Husband (The Windsors, #6)",Catharina Maura,,,3,4.19,,Kindle Edition,356,2024,2024,7/23/25,7/22/25,read
206181069,"The Secret Fiancée (The Windsors, #5)",Catharina Maura,,,3,4.06,,Kindle Edition,364,2024,2024,7/22/25,7/20/25,read
36639505,My Oxford Year,Julia  Whelan,,,0,3.87,Avon,Kindle Edition,336,2018,2018,,7/26/25,currently-reading
214881313,"Limerence (Fated Fixation, #1)",H.C. Dolores,,,0,4.22,,Kindle Edition,415,2024,2024,,7/25/25,to-read
58417825,The Dead Romantics,Ashley Poston,0593336496,9780593336496,0,3.91,Berkley,Kindle Edition,366,2022,2022,,7/24/25,currently-reading
231220768,The Other Brother,Tierney Page,,,0,3.79,Forever,Kindle Edition,363,2025,,,7/2/25,currently-reading
150062296,"The Broken Vows (The Windsors, #4)",Catharina Maura,,,3,4.05,,Kindle Edition,530,2023,,7/20/25,7/19/25,read
104659050,"The Unwanted Marriage (The Windsors, #3)",Catharina Maura,,,2,4.03,,Kindle Edition,374,2023,2023,7/19/25,7/18/25,read
38892954,Stolen (Stronger Series),Jay Marie,1976783526,9781976783524,0,4.12,Independently published,Paperback,262,2018,2015,,7/22/25,to-read
63095160,"The Temporary Wife (The Windsors, #2)",Catharina Maura,,,2,4.02,,Kindle Edition,384,2023,2023,7/18/25,7/16/25,read
62316382,"The Wrong Bride (The Windsors, #1)",Catharina Maura,,,2,3.86,,Kindle Edition,382,2022,2022,7/16/25,7/16/25,read
223689575,"Restitution (The Edge of Darkness, #3)",Leigh Rivers,1739433041,9781739433048,3,4.37,,Kindle Edition,525,2025,,7/15/25,7/14/25,read
223689548,"Voracious (The Edge of Darkness, #2)",Leigh Rivers,,,4,4.31,,Kindle Edition,399,2025,2023,7/14/25,7/13/25,read
223688889,"Insatiable (The Edge of Darkness, #1)",Leigh Rivers,,,3,4.24,Nielsen,Kindle Edition,413,2025,2023,7/13/25,7/12/25,read
228347196,"Hat Trick (D.C. Stars, #4)",Chelsea Curto,,,4,4.3,,Kindle Edition,506,2025,2025,7/11/25,7/9/25,read
214295087,"Slap Shot (D.C. Stars, #3)",Chelsea Curto,,,4,4.03,,Kindle Edition,530,2025,2025,7/9/25,7/7/25,read
203691229,Power Play (D.C. Stars #2),Chelsea Curto,,,4,4.06,,Kindle Edition,508,2024,2024,7/7/25,7/6/25,read
213779197,"Face Off (D.C. Stars, #1)",Chelsea Curto,,,4,4.07,Amazon Digital Services,Kindle Edition,450,2024,2024,7/6/25,4/11/25,read
220292124,"All Superheroes Need PR (Supers in the City, #1)",Elizabeth  Stephens,1662523408,9781662523403,3,3.61,Montlake,Kindle Edition,300,2025,2025,7/5/25,6/6/25,read
220637398,"Gloves Off (Vancouver Storm, #4)",Stephanie  Archer,,,4,4.28,,Kindle Edition,464,2025,2025,7/3/25,3/17/25,read
63347619,The Seven Year Slip,Ashley Poston,0593336526,9780593336526,5,4.17,Berkley,Kindle Edition,368,2023,2023,7/2/25,4/16/24,read
217542932,Severed Heart (Ravenhood Legacy #2),Kate  Stewart,1496757025,9781496757029,5,4.71,Kensington Books,Kindle Edition,721,2025,2024,6/29/25,6/4/25,read
218253033,It's a Love Story,Annabel Monaghan,0593714113,9780593714119,4,3.91,G.P. Putnam's Sons,Kindle Edition,355,2025,2025,6/23/25,6/4/25,read
227786610,Songs for Other People's Weddings,David Levithan,1419778129,9781419778124,0,3.26,Harry N. Abrams,Hardcover,301,2025,2025,,7/2/25,to-read
223641012,"Revolve (Off the Ice, #3)",Bal Khabra,059381830X,9780593818305,0,4.11,Berkley,Paperback,416,2025,2025,,7/2/25,to-read
214151679,Hope & Harmony,Meredith Wild,1964264200,9781964264202,0,4.23,Page & Vine,Paperback,480,2025,,,7/2/25,to-read
221207874,The Battle of the Bookshops,Poppy Alexander,0063340674,9780063340671,0,3.07,Avon and Harper Voyager,Paperback,336,2025,,,7/2/25,to-read
235658301,"Sweet Thing (Chicago Players, #1)",Kate Meader,1954107684,9781954107687,0,4.1,Kate Meader LLC,Paperback,338,2025,,,7/2/25,to-read
220545867,"Learn My Lesson (Wicked Villains, #2)",Katee Robert,1464228000,9781464228001,0,3.7,Sourcebooks Casablanca,Paperback,368,2025,2019,,7/2/25,to-read
215805811,The Next Flame,Penelope Douglas,0593952847,9780593952849,0,4.24,Berkley,Paperback,480,2025,2017,,7/2/25,to-read
220687884,Love Is a War Song,Danica Nava,0593642627,9780593642627,0,3.9,Berkley,Paperback,336,2025,2025,,7/2/25,to-read
231127266,The Odds of You,Kate Dramis,1250393671,9781250393678,0,4.06,St. Martin's Griffin,Paperback,352,2026,,,7/2/25,to-read
224082707,Pickle Perfect,Ilana Long,0593642252,9780593642252,0,4,Berkley,Paperback,368,2025,,,7/2/25,to-read
224003301,Backslide,Nora Dahlia,1668084139,9781668084137,0,3.79,Gallery Books,Paperback,368,2025,,,7/2/25,to-read
199353216,Her Soul for Revenge,Harley Laroux,1496752902,9781496752901,0,4.26,Kensington,Paperback,544,2024,2021,,7/2/25,to-read
220459022,Maid for Each Other,Lynn Painter,0593638042,9780593638040,0,3.78,Berkley,Kindle Edition,368,2025,2025,,7/2/25,to-read
215493619,The Code for Love,Anne Marsh,1335507213,9781335507211,0,2.75,Afterglow Books by Harlequin,Paperback,288,2025,,,7/2/25,to-read
221228047,"The Blonde Who Came in From the Cold (Blonde Identity, #2)",Ally Carter,0063386976,9780063386976,0,4.05,Avon,Hardcover,336,2025,2025,,7/2/25,to-read
221473264,Love at First Sighting,Mallory Marlowe,0593640101,9780593640104,0,3.86,Berkley,Paperback,352,2025,2025,,7/2/25,to-read
198137731,Totally and Completely Fine,Elissa Sussman,0593725174,9780593725177,0,3.58,Dell,Paperback,448,2025,2025,,7/2/25,to-read
219848327,"Save Me (Maxton Hall, #1)",Mona Kasten,0593954203,9780593954201,0,3.97,Berkley,Paperback,368,2025,2018,,7/2/25,to-read
199332489,"Her Soul to Take (Souls Trilogy, #1)",Harley Laroux,1496752899,9781496752895,0,4.05,Kensington,Paperback,496,2024,2021,,7/2/25,to-read
59801786,"The Undertaking of Hart and Mercy (Hart and Mercy, #1)",Megan Bannen,0316394211,9780316394215,0,4.06,Orbit,Paperback,416,2022,2022,,7/2/25,to-read
230337136,"Beautiful Things (Second Sons, #1)",Emily Rath,1496756797,9781496756794,0,3.9,Kensington,Paperback,480,2025,2022,,7/2/25,to-read
230813075,Intended,Ingrid J. Adams,1763503445,9781763503441,0,4.65,Three Bees Press,Paperback,722,2025,,,7/2/25,to-read
211164792,"Beg, Borrow, or Steal (When in Rome, #3)",Sarah       Adams,0593723694,9780593723692,0,4.03,Dell,Paperback,400,2025,2025,,7/2/25,to-read
230422842,"Soul Searching (Sweetwater Peak, #1)",Lyla Sage,0593977777,9780593977774,0,4.02,Dial Press Trade Paperback,Paperback,368,2025,2025,,7/2/25,to-read
222130194,Black Ties & White Lies,Kat Singleton,1649379277,9781649379276,0,3.81,Entangled: Amara,Paperback,352,2025,2023,,7/2/25,to-read
216971223,The Unmaking of June Farrow,Adrienne Young,0593598695,9780593598696,0,4.13,Dell,Paperback,352,2024,2023,,7/2/25,to-read
222260368,Every Summer After,Carley Fortune,0593956478,9780593956472,0,4.18,Berkley,Hardcover,336,2025,2022,,7/2/25,to-read
220908892,Tuck Everlasting,Natalie Babbitt,037439198X,9780374391980,0,3.91,"Farrar, Straus and Giroux (BYR)",Hardcover,176,2025,1975,,7/2/25,to-read
227939188,Till Summer Do Us Part,Meghan Quinn,1959442341,9781959442349,4,4.02,,Kindle Edition,434,2025,2025,6/21/25,6/19/25,read
220237305,"Trust Me Always (Boys of Avix, #3)",Meagan Brandy,,,3,4.19,,Kindle Edition,402,2025,2025,6/20/25,6/19/25,read
199897904,"Daydream (Maple Hills, #3)",Hannah  Grace,1668026260,9781668026267,2,3.92,Atria Books,Kindle Edition,448,2024,2024,6/19/25,2/11/25,read
217388119,Party of Liars,Kelsey  Cox,1250378818,9781250378811,0,3.94,Minotaur Books,Hardcover,336,2025,2025,,6/25/25,to-read
217506549,The Ghostwriter,Julie   Clark,1464221286,9781464221286,0,4.09,Sourcebooks Landmark,Hardcover,328,2025,2025,,6/25/25,to-read
220458655,Maid for Each Other,Lynn Painter,0593638034,9780593638033,0,3.78,Berkley,Paperback,368,2025,2025,,6/25/25,to-read
221837070,"Rival (Fall Away, #3)",Penelope Douglas,045147242X,9780451472427,0,3.99,Berkley,Paperback,368,2024,2014,,6/25/25,to-read
195790899,"Savor It (Spunes, OR, #1)",Tarah DeWitt,1250329426,9781250329424,0,3.86,St. Martin's Griffin,Paperback,336,2024,2024,,6/24/25,to-read
217204390,The Summer We Ran,Audrey  Ingram,,9798989923069,0,3.62,Zibby Publishing,Paperback,336,2025,2025,,6/24/25,to-read
218559595,Great Big Beautiful Life,Emily Henry,,,5,3.99,Berkley,Kindle Edition,432,2025,2025,6/19/25,6/20/25,read
111172922,"Wildfire (Maple Hills, #2)",Hannah  Grace,1668026287,9781668026281,3,3.82,Atria Books,Kindle Edition,396,2023,2023,6/17/25,6/15/25,read
201636084,Not Another Love Song,Julie  Soto,1538740931,9781538740934,4,4.04,Forever,Kindle Edition,380,2024,2024,6/15/25,3/17/25,read
77262337,"Tomorrow, and Tomorrow, and Tomorrow",Gabrielle Zevin,,,5,4.12,Knopf ,Kindle Edition,418,2023,2022,6/13/25,6/5/25,read
220237227,Caught Up (Into Darkness Trilogy),Navessa Allen,1638932263,9781638932260,4,3.79,Slowburn,Kindle Edition,322,2025,2025,6/11/25,2/7/25,read
54998275,Project Hail Mary,Andy Weir,0593395565,9780593395561,0,4.5,Random House Large Print,Paperback,677,2021,2021,,6/17/25,to-read
217245639,One Golden Summer,Carley Fortune,0593638913,9780593638910,0,4.33,Berkley,Paperback,400,2025,2025,,6/17/25,to-read
221251762,Zomromcom,Olivia Dade,0593818202,9780593818206,0,3.62,Berkley,Paperback,416,2025,2025,,6/17/25,to-read
219848373,"The Irresistible Urge to Fall for Your Enemy (Dearly Beloathed, #1)",Brigitte Knightley,0593819454,9780593819456,0,3.83,Ace,Hardcover,370,2025,2025,,6/17/25,to-read
195530544,"Done and Dusted (Rebel Blue Ranch, #1)",Lyla Sage,0593732421,9780593732427,0,3.81,Dial Press Trade Paperback,Paperback,346,2023,2023,,6/17/25,to-read
218695924,Slow Burn Summer,Josie Silver,0593722884,9780593722886,0,3.41,Dell,Paperback,352,2025,2025,,6/17/25,to-read
218171630,The Girl I Was,Jeneva Rose,0778387488,9780778387480,0,3.8,MIRA,Hardcover,304,2025,2021,,6/17/25,to-read
59808034,"Beautiful World, Where Are You",Sally Rooney,1250859042,9781250859044,0,3.53,Picador Paper,Paperback,359,2022,2021,,6/17/25,to-read
231299870,"Tourist Season (The Seasons of Carnage Trilogy, #1)",Brynne Weaver,1638932107,9781638932109,0,4.56,Slowburn,Hardcover,368,2025,2025,,6/17/25,to-read
208931300,Intermezzo,Sally Rooney,0374602638,9780374602635,0,3.83,"Farrar, Straus and Giroux",Hardcover,454,2024,2024,,6/17/25,to-read
220239075,These Summer Storms,Sarah MacLean,0593972252,9780593972250,0,3.82,Ballantine Books,Hardcover,400,2025,2025,,6/17/25,to-read
184584595,"Emily Wilde's Encyclopaedia of Faeries (Emily Wilde, #1)",Heather Fawcett,0593500156,9780593500156,0,3.97,Del Rey,Paperback,352,2023,2023,,6/17/25,to-read
231922031,Great Big Beautiful Life,Emily Henry,059344129X,9780593441299,0,3.99,Berkley,Hardcover,418,2025,2025,,6/17/25,to-read
218372321,For The Ring,Jennifer  Hennessy,1035413248,9781035413249,0,4.12,Headline Eternal,Paperback,304,2025,,,6/17/25,to-read
228630305,Taming Mr. Walker (London Mister #1),Rosa Lucas,1964264235,9781964264233,0,4,Page & Vine,Paperback,336,2025,2021,,6/17/25,to-read
222280426,An American in London,Louise Bay,1662532105,9781662532108,0,4.3,Montlake,Kindle Edition,269,2025,,,6/17/25,to-read
223338873,Cover Story,Mhairi McFarlane,0063292572,9780063292574,0,3.93,Avon,Paperback,384,2025,2025,,6/17/25,to-read
219301793,This Princess Kills Monsters,Ry Herman,0593733088,9780593733080,0,4.03,Dial Press Trade Paperback,Paperback,416,2025,2025,,6/17/25,to-read
224082605,Some Kind of Famous,Ava  Wilder,0593871693,9780593871690,0,3.74,Dell,Paperback,432,2025,2025,,6/17/25,to-read
220909002,There's Always Next Year,Leah  Johnson,0374391696,9780374391690,0,3.65,"Farrar, Straus and Giroux (BYR)",Hardcover,320,2025,2025,,6/17/25,to-read
227912786,Daddy Issues,Kate Goldbeck,059373081X,9780593730812,0,3.89,Dial Press Trade Paperback,Paperback,352,2025,2025,,6/17/25,to-read
236092355,"I Could Be Yours (Toronto Terror, #6)",Helena Hunting,1998657167,9781998657162,0,4.11,Helena Hunting,Paperback,326,2025,2025,,6/17/25,to-read
228665695,"Bad for Business (Pembroke Hills, #2)",Kat Singleton,1649379544,9781649379542,0,4.5,Entangled: Amara,Paperback,352,2025,,,6/17/25,to-read
228383161,"Second Chance Romance (Harlot's Bay, #2)",Olivia Dade,0063215977,9780063215979,0,3.83,Avon,Paperback,400,2025,2025,,6/17/25,to-read
48498018,Remember Me This Way (The Sound of Us #3),C.R. Jane,,,3,3.98,,Kindle Edition,260,2020,2020,6/8/25,6/8/25,read
43802161,Remember You This Way (The Sound of Us #2),C.R. Jane,,,3,4.04,,Kindle Edition,212,2019,,6/8/25,6/8/25,read
43693948,"Remember Us This Way (The Sound of Us, #1)",C.R. Jane,,,3,3.96,,Kindle Edition,258,2019,,6/8/25,6/7/25,read
125310117,The Perfect Fit,Sadie Kincaid,1915663334,9781915663337,3,4.07,Red House Press,Kindle Edition,420,2023,2023,6/7/25,6/7/25,read
219657082,"Seven Year Itch (Mountain Men Matchmaker, #2)",Amy Daws,1335081615,9781335081612,0,3.95,Canary Street Press,Paperback,372,2025,2025,,6/9/25,to-read
218267185,Friends to Lovers,Sally Blakely,1335014241,9781335014245,0,3.76,Canary Street Press,Paperback,352,2025,2025,,6/9/25,to-read
60727692,"Bright Side (Bright Side, #1)",Kim Holden,,,0,4.29,"Do Epic, LLC",Kindle Edition,468,2022,2014,,6/8/25,currently-reading
20645941,"The Story of Us (Carnage, #1)",Lesley  Jones,,,0,4.16,,Kindle Edition,406,2014,2014,,6/8/25,currently-reading
222749723,Duplicity (Seraph),Elodie Hart,,,3,4.15,,Kindle Edition,480,2025,,6/6/25,6/6/25,read
53357042,The Kings of Kearny,Navessa Allen,0578874679,9780578874678,3,3.89,Navessa Allen,Kindle Edition,314,2021,,6/5/25,6/4/25,read
220146590,"Mr. Heartbreaker (The Nest, #1)",Piper Rayne,,9798887142876,2,3.78,Piper Rayne Inc.,Kindle Edition,310,2024,2024,6/4/25,5/19/25,read
55747432,The Mixtape,Brittainy C. Cherry,1542018358,9781542018357,0,4.19,Montlake,Kindle Edition,333,2021,2021,,6/7/25,currently-reading
198611001,"Done and Dusted (Rebel Blue Ranch, #1)",Lyla Sage,,,3,3.81,The Dial Press,Kindle Edition,355,2023,2023,6/3/25,3/17/25,read
218460257,Battle of the Bookstores,Ali Brady,0593640845,9780593640845,0,3.88,Berkley,Paperback,414,2025,2025,,6/7/25,to-read
220817728,Atmosphere,Taylor Jenkins Reid,,,0,4.37,Ballantine Books,Hardcover,352,2025,2025,,6/7/25,to-read
198902263,"The Ashes & the Star-Cursed King (Crowns of Nyaxia, #2)",Carissa Broadbent,1250343151,9781250343154,0,4.08,Bramble,Hardcover,591,2024,2023,,6/7/25,to-read
58340706,"One Dark Window (The Shepherd King, #1)",Rachel Gillig,0316312487,9780316312486,0,4.27,Orbit,Paperback,399,2022,2022,,6/7/25,to-read
198902277,The Wedding People,Alison Espach,,,0,4.1,Henry Holt and Co.,Hardcover,384,2024,2024,,6/7/25,to-read
219301746,Sounds Like Love,Ashley Poston,0593641000,9780593641002,0,3.93,Berkley,Paperback,384,2025,2025,,6/7/25,to-read
59417433,A Love Letter to Whiskey (A Love Letter to Whiskey #1-1.5),Kandi Steiner,,,4,4.2,,Kindle Edition,608,2021,,6/2/25,6/1/25,read
228731649,"Problematic Summer Romance (Not in Love, #2)",Ali Hazelwood,,9798217187447,4,3.89,Berkley,Kindle Edition,414,2025,2025,5/31/25,3/17/25,read
220207768,"Caught Up (Into Darkness, #2)",Navessa Allen,1638932255,9781638932253,0,3.79,Slowburn,Paperback,352,2025,2025,,6/5/25,to-read
231250160,A Royal Mile,Samantha Young,1915243351,9781915243355,0,4.02,Samantha Young,Paperback,438,2025,2025,,6/4/25,to-read
219522054,"One Dark Kiss (Grimm Bargains, #2)",Rebecca Zanetti,1496756304,9781496756305,0,3.9,Kensington,Hardcover,384,2025,2025,,6/4/25,to-read
222033792,"Gloves Off (Vancouver Storm, #4)",Stephanie  Archer,,9798217091157,0,4.28,Dell,Paperback,464,2025,2025,,6/4/25,to-read
229717312,"Releasing 10 (Boys of Tommen, #6)",Chloe Walsh,1464248524,9781464248528,5,4.55,Bloom Books,Kindle Edition,765,2025,2025,5/30/25,5/26/25,read
210825471,"King of Envy (Kings of Sin, #5)",Ana Huang,,,3,4.07,,Kindle Edition,530,2025,2025,5/27/25,2/7/25,read
216156650,"Rewind It Back (Windy City, #5)",Liz Tomforde,,,4,4.48,,Kindle Edition,404,2025,2025,5/25/25,3/17/25,read
214285914,"Dream Girl Drama (Big Shots, #3)",Tessa Bailey,006338079X,9780063380790,3,3.42,Avon,Kindle Edition,384,2025,2025,5/24/25,3/17/25,read
213245287,"First-Time Caller (Heartstrings, #1)",B.K. Borison,0593641205,9780593641200,3,3.98,Berkley,Kindle Edition,446,2025,2025,5/23/25,3/17/25,read
220652192,Rush Week,Michelle   Brandon,0063424436,9780063424432,0,2.91,Avon a,Paperback,400,2025,,,5/28/25,to-read
218572920,Great Big Beautiful Life,Emily Henry,,,5,3.99,Berkley,Kindle Edition,427,2025,2025,5/19/25,2/7/25,read
30237534,Some Kind of Perfect (Calloway Sisters #5),Krista Ritchie,0997633603,9780997633603,4,4.6,K.B. Ritchie,Kindle Edition,793,2016,2016,5/18/25,5/18/25,read
22024907,"Long Way Down (Calloway Sisters, #4)",Krista Ritchie,,,4,4.42,K.B. Ritchie,Kindle Edition,599,2015,2015,5/14/25,5/14/25,read
25267855,Fuel the Fire (Calloway Sisters #3),Krista Ritchie,0990622568,9780990622567,4,4.35,K.B. Ritchie,Kindle Edition,556,2015,2015,5/11/25,5/10/25,read
55475504,"Addicted After All (Addicted, #5)",Krista Ritchie,,,4,4.4,K.B. Ritchie,Kindle Edition,534,2020,2014,5/10/25,5/10/25,read
22741732,Thrive (Addicted #4),Krista Ritchie,,,4,3.98,K.B. Ritchie,Kindle Edition,494,2014,2014,5/8/25,5/8/25,read
21794355,Hothouse Flower (Calloway Sisters #2),Krista Ritchie,,,4,4.25,K.B. Ritchie,Kindle Edition,475,2014,2014,5/5/25,5/4/25,read
20619577,"Kiss the Sky (Calloway Sisters, #1)",Krista Ritchie,,,4,4.2,K.B. Ritchie,Kindle Edition,443,2014,2014,5/4/25,5/4/25,read
19056817,Addicted for Now (Addicted #3),Krista Ritchie,,,4,4.15,K.B. Ritchie,Kindle Edition,490,2014,2013,5/3/25,5/3/25,read
60787120,"Ricochet (Addicted, #2)",Krista Ritchie,,,4,3.74,K.B. Ritchie,Kindle Edition,265,2022,2013,5/2/25,5/2/25,read
17830264,"Addicted to You (Addicted, #1)",Krista Ritchie,0989339203,9780989339209,4,3.71,K.B. Ritchie,Kindle Edition,335,2013,2013,4/30/25,4/30/25,read
118114114,"Bittersweet Melody (The Bittersweet Symphony Duet, #2.5)",Kate  Stewart,,,4,4.43,KLS PRESS LLC,Kindle Edition,90,2023,2023,4/27/25,4/27/25,read
61486681,"Reverse (The Bittersweet Symphony Duet, #2)",Kate  Stewart,,,5,4.64,Amazon Digital Services,Kindle Edition,622,2022,,4/27/25,4/27/25,read
36413250,Drive (The Bittersweet Symphony Duet #1),Kate  Stewart,,,5,4.41,KLS PRESS,Kindle Edition,412,2017,2017,4/26/25,4/20/24,read
217459465,"Bridesmaid by Chance (Bridesmaid for Hire, #3)",Meghan Quinn,1959442317,9781959442318,4,4.16,,Kindle Edition,482,2025,2025,4/24/25,4/23/25,read
204413950,Fragile Sanctuary (Sparrow Falls #1),Catherine Cowles,,,1,4.2,The PageSmith LLC,Kindle Edition,368,2024,2024,4/22/25,4/21/25,read
216422444,One Last Rainy Day (Ravenhood Legacy #1),Kate  Stewart,149675672X,9781496756725,5,4.54,Kensington Books,Kindle Edition,481,2024,2023,4/21/25,4/19/25,read
214982347,"The Finish Line (The Ravenhood, #3)",Kate  Stewart,1496756711,9781496756718,5,4.24,Kensington Books,Kindle Edition,560,2024,2021,4/19/25,4/19/25,read
214568198,Exodus (The Ravenhood #2),Kate  Stewart,1496756703,9781496756701,5,4.38,Kensington Books,Kindle Edition,545,2024,2020,4/17/25,4/15/25,read
214568110,Flock (The Ravenhood Book 1),Kate  Stewart,149675669X,9781496756695,5,4.1,Kensington Books,Kindle Edition,366,2024,2020,4/15/25,4/15/25,read
201101881,Five Brothers,Penelope Douglas,0593816587,9780593816585,4,3.83,Berkley,Kindle Edition,554,2024,2024,4/13/25,3/17/25,read
58708383,Book Lovers,Emily Henry,,,5,4.1,Berkley,Kindle Edition,398,2022,2022,4/11/25,4/16/24,read
211373244,Audacity (Seraph),Elodie Hart,,,3,3.99,,Kindle Edition,422,2025,,4/10/25,2/23/25,read
218515947,"Blood of Hercules (Villains of Lore, #1)",Jasmine Mas,1335474730,9781335474735,0,3.94,Canary Street Press,Hardcover,512,2025,2024,,4/14/25,to-read
59754569,"Him (Him, #1)",Sarina Bowen,,,0,4.21,Tuxbury Publishing LLC,Kindle Edition,338,2015,2015,,4/13/25,currently-reading
208457093,"Fall with Me (Playing for Keeps, #4)",Becka Mack,,,3,4.29,,Kindle Edition,510,2024,2024,4/8/25,4/8/25,read
203237161,Passion Project,London Sperry,0143138561,9780143138563,0,3.8,Penguin Books,Paperback,368,2025,2025,,4/11/25,to-read
195227305,"Unravel Me (Playing For Keeps, #3)",Becka Mack,,,3,4.23,,Kindle Edition,436,2023,2023,4/7/25,4/7/25,read
62053325,"Play With Me (Playing for Keeps, #2)",Becka Mack,1778133037,9781778133039,4,4.18,Becka Mack,Kindle Edition,569,2022,2022,4/6/25,4/4/25,read
214787356,"Tryst Six Venom (Tryst Six, #1)",Penelope Douglas,,,0,3.83,Amazon Digital Services,Kindle Edition,589,2021,2021,,4/8/25,currently-reading
231025744,No Save Point,S.L Gray,,,0,3.7,,,,2025,,,4/8/25,to-read
220287670,Kiss the Villain (Villain #1),Rina Kent,,,3,4,"Blackthorn Books, LLC",Kindle Edition,514,2025,2025,4/4/25,2/14/25,read
55076069,People We Meet on Vacation,Emily Henry,,,5,3.85,Berkley Books,Kindle Edition,382,2021,2021,4/3/25,5/2/24,read
200254250,"Goldfinch (The Plated Prisoner, #6)",Raven Kennedy,,,5,4.27,,Kindle Edition,679,2024,2024,4/2/25,3/30/25,read
61314205,"Gold (The Plated Prisoner, #5)",Raven Kennedy,,,4,4.1,,Kindle Edition,646,2023,2023,3/30/25,3/17/25,read
58159316,"Glow (The Plated Prisoner, #4)",Raven Kennedy,,,5,4.13,Raven Kennedy,Kindle Edition,738,2022,2022,3/28/25,3/28/25,read
57214537,"Gleam (The Plated Prisoner, #3)",Raven Kennedy,,,5,4.38,Raven Kennedy,Kindle Edition,674,2021,2021,3/25/25,3/24/25,read
56530123,"Glint (The Plated Prisoner, #2)",Raven Kennedy,,,4,4.16,Raven Kennedy,Kindle Edition,479,2021,2021,3/24/25,3/24/25,read
56483061,"Gild (The Plated Prisoner, #1)",Raven Kennedy,,,4,3.6,Raven Kennedy,Kindle Edition,402,2020,2020,3/23/25,3/21/25,read
210196819,"The Heartbreaker (The Goode Brothers, #3)",Sara Cate,,,3,4.05,,Kindle Edition,362,2024,2024,3/23/25,3/23/25,read
181515980,"The Home Wrecker (The Goode Brothers, #2)",Sara Cate,,,4,4.23,,Kindle Edition,460,2024,2024,3/22/25,3/21/25,read
213435549,Shoot Your Shot,Lexi LaFleur Brown,0369762657,9780369762658,2,3.35,Canary Street Press,Kindle Edition,304,2025,2025,3/21/25,3/20/25,read
222260445,Ice Mechanic,Lia Bevans,,,1,3.62,,Kindle Edition,408,2024,,3/20/25,3/17/25,read
223199392,The Fall Risk,Abby Jimenez,1662529082,9781662529085,5,4.08,Amazon Original Stories,Kindle Edition,81,2025,2025,3/20/25,3/19/25,read
218014044,"Quicksilver (Fae & Alchemy, #1)",Callie Hart,,,4,4.34,Forever,Kindle Edition,615,2024,2024,3/19/25,2/11/25,read
195600527,Anger Banger (Happy Haven #2),S.M. Shade,,,3,4.31,,Kindle Edition,298,2024,,3/17/25,3/17/25,read
203120955,"Fake Around and Find Out (Happy Haven, #1)",S.M. Shade,,,4,4.12,,Kindle Edition,308,2023,,3/17/25,3/16/25,read
60066655,Love on the Brain,Ali Hazelwood,0593336852,,4,3.9,Berkley ,Kindle Edition,368,2022,2022,3/16/25,4/24/24,read
139391940,"The Pumpkin Spice Café (Dream Harbor, #1)",Laurie Gilmore,0008610665,9780008610661,0,3.37,HarperCollins,ebook,373,2023,2023,,3/19/25,currently-reading
62869062,"The Book of Azrael (Gods & Monsters, #1)",Amber V. Nicole,1737706741,9781737706748,0,4.12,Rose & Star Publishing,Kindle Edition,564,2022,2022,,3/19/25,currently-reading
52195137,Beach Read,Emily Henry,,,4,3.98,Berkley,Kindle Edition,400,2020,2020,3/15/25,5/2/24,read
34992981,"Restore Me (Shatter Me, #4)",Tahereh Mafi,0062676385,9780062676382,0,4.14,HarperCollins,Kindle Edition,384,2018,2018,3/18/25,3/1/25,currently-reading
60234419,"Consider Me (Playing For Keeps, #1)",Becka Mack,1778133029,9781778133022,4,3.85,,Kindle Edition,462,2022,2022,3/15/25,3/14/25,read
200436856,"The Au Pair Affair (Big Shots, #2)",Tessa Bailey,0063308444,9780063308442,4,3.59,Avon,Kindle Edition,380,2024,2024,3/14/25,3/13/25,read
199897857,The Paradise Problem,Christina Lauren,,,4,4.07,Gallery Books,Kindle Edition,352,2024,2024,3/13/25,3/12/25,read
59336483,The Love Hypothesis,Ali Hazelwood,,,5,4.11,Berkley,Kindle Edition,383,2021,2021,3/12/25,4/24/24,read
195532965,"Swift and Saddled (Rebel Blue Ranch, #2)",Lyla Sage,059373243X,9780593732434,0,3.9,Dial Press Trade Paperback,Paperback,320,2024,2024,,3/17/25,to-read
212432167,How to End a Love Story,Yulin Kuang,0063310686,9780063310681,0,3.62,Avon,Paperback,384,2024,2024,,3/17/25,to-read
123352788,"Beautiful Fiend (North Shore, #1)",Lola King,1916837026,9781916837027,0,3.8,King & Hunter,Kindle Edition,492,2023,,,3/17/25,to-read
210205698,Good Boy (WAGs #1),Elle Kennedy,1464227357,9781464227356,0,3.86,Bloom Books,Kindle Edition,320,2024,2017,,3/17/25,to-read
57516722,"Off to the Races (Gold Rush Ranch, #1)",Elsie Silver,,9798743224272,0,3.7,Independently published,Paperback,334,2021,2021,,3/17/25,to-read
53544752,Den of Vipers,K.A. Knight,,,0,3.66,,Kindle Edition,654,2020,2020,,3/17/25,to-read
59737396,"You, with a View",Jessica  Joyce,059354840X,9780593548400,0,4.06,Berkley,Paperback,352,2023,2023,,3/17/25,to-read
75513900,"Powerless (The Powerless Trilogy, #1)",Lauren  Roberts,,,0,4.17,,Kindle Edition,526,2023,2023,,3/17/25,to-read
204593914,"Phantasma (Wicked Games, #1)",Kaylie Smith,1538769255,9781538769256,0,4.06,Forever,Paperback,497,2024,2024,,3/17/25,to-read
60714999,"The Serpent and the Wings of Night (Crowns of Nyaxia, #1)",Carissa Broadbent,,,0,4.28,Independently Published,Kindle Edition,504,2022,2022,,3/17/25,to-read
52831200,"From Blood and Ash (Blood and Ash, #1)",Jennifer L. Armentrout,1952457017,9781952457012,0,4.22,Blue Box Press,ebook,622,2020,2020,,3/17/25,to-read
201144140,Body Check,Elle Kennedy,1335425535,9781335425539,0,3.41,Harlequin,Paperback,304,2024,2009,,3/17/25,to-read
85164835,"Nero (Alliance, #1)",S.J. Tilly,,,0,3.82,,Kindle Edition,368,2023,2023,,3/17/25,to-read
199261152,A Novel Love Story,Ashley Poston,0593640977,9780593640975,0,3.62,Berkley,Paperback,368,2024,2024,,3/17/25,to-read
217534420,"Rook & Rebel (The Mavericks, #1)",Kate Crew,,,0,3.85,Amazon Digital Services,Kindle Edition,381,2024,2024,,3/17/25,to-read
55710822,"Better Than the Movies (Better Than the Movies, #1)",Lynn Painter,1534467629,9781534467620,0,4.26,Simon & Schuster Books for Young Readers,Hardcover,356,2021,2021,,3/17/25,to-read
32620332,The Seven Husbands of Evelyn Hugo,Taylor Jenkins Reid,1501139231,9781501139239,0,4.4,Atria Books,Hardcover,389,2017,2017,,3/17/25,to-read
199135679,"The Pucking Wrong Date (Pucking Wrong, #3)",C.R. Jane,,,2,4.09,,Kindle Edition,454,2024,,3/11/25,3/11/25,read
157006962,"The Pucking Wrong Guy (Pucking Wrong, #2)",C.R. Jane,,,2,3.99,,Kindle Edition,414,2023,,3/9/25,3/9/25,read
123414004,"The Pucking Wrong Number (Pucking Wrong, #1)",C.R. Jane,,,3,3.54,,Kindle Edition,390,2023,2023,3/8/25,3/7/25,read
198972842,"Not in Love (Not in Love, #1)",Ali Hazelwood,0593550439,9780593550434,4,3.64,Berkley,Kindle Edition,384,2024,2024,3/6/25,2/11/25,read
217465190,"Wild Side (Rose Hill, #3)",Elsie Silver,,,5,4.19,,Kindle Edition,466,2025,2025,3/5/25,2/7/25,read
212705721,"The Charlie Method (Campus Diaries, #3)",Elle Kennedy,1990101208,9781990101205,4,3.49,EKI,Kindle Edition,530,2025,2025,3/4/25,2/7/25,read
200338241,"The Dixon Rule (Campus Diaries, #2)",Elle Kennedy,,,4,4.16,EKI,Kindle Edition,498,2024,2024,3/3/25,2/7/25,read
123255391,"The Graham Effect (Campus Diaries, #1)",Elle Kennedy,1990101186,9781990101182,4,4.18,EKI,Kindle Edition,498,2023,2023,3/2/25,2/7/25,read
13188676,"Ignite Me (Shatter Me, #3)",Tahereh Mafi,006208559X,9780062085597,3,4.45,HarperCollins ,Kindle Edition,408,2014,2014,3/1/25,2/28/25,read
16126252,"Unravel Me (Shatter Me, #2)",Tahereh Mafi,0062085565,9780062085566,3,4.11,HarperCollins,Kindle Edition,326,2013,2013,2/28/25,2/26/25,read
10429045,"Shatter Me (Shatter Me, #1)",Tahereh Mafi,0062085484,9780062085481,2,3.84,Harper,Kindle Edition,338,2011,2011,2/26/25,3/18/25,read
18481271,"Unite Me (Shatter Me, #1.5-2.5)",Tahereh Mafi,0062327968,9780062327963,0,3.87,HarperTeen,Kindle Edition,197,2014,2014,2/26/25,3/18/25,read
58706519,"Part of Your World (Part of Your World, #1)",Abby Jimenez,1538704366,,5,4.26,Forever,Kindle Edition,402,2022,2022,2/24/25,2/7/25,read
150343880,"Fangirl Down (Big Shots, #1)",Tessa Bailey,,,5,3.8,Avon,Kindle Edition,380,2024,2024,2/23/25,4/4/24,read
210364592,"Wild Eyes (Rose Hill, #2)",Elsie Silver,1738125548,9781738125548,4,4.26,Elsie Silver Literary Inc.,Kindle Edition,407,2024,2024,2/22/25,2/7/25,read
13630413,"Destroy Me (Shatter Me, #1.5)",Tahereh Mafi,,,0,3.95,Harper,Kindle Edition,133,2012,2012,,2/26/25,currently-reading
199821855,"Wild Love (Rose Hill, #1)",Elsie Silver,173812553X,9781738125531,4,4.01,Elsie Silver Literary Inc.,Kindle Edition,466,2024,2024,2/21/25,5/2/24,read
52050087,All He'll Ever Be (Merciless #1-4),W.  Winters,,,0,3.61,,Kindle Edition,740,2019,2019,,2/23/25,currently-reading
218358049,"The Wingman (Vancouver Storm, #3)",Stephanie  Archer,,,3,3.94,,Kindle Edition,448,2024,2024,2/19/25,2/19/25,read
202601495,"The Fake Out (Vancouver Storm, #2)",Stephanie  Archer,,,3,4.14,,Kindle Edition,440,2023,2023,2/18/25,2/7/25,read
212924099,Unromance,Erin Connor,153875942X,9781538759424,0,3.73,Forever,Paperback,343,2025,2025,,2/21/25,to-read
178359156,"Behind the Net (Vancouver Storm, #1)",Stephanie  Archer,,,3,3.8,,Kindle Edition,430,2023,2023,2/17/25,2/17/25,read
203505382,Vengeful Gods (Port Macabre #1),Elliott Rose,,,3,4,Cosmic Imprint Publishing,Kindle Edition,654,2024,,2/17/25,2/15/25,read
62625433,The True Love Experiment,Christina Lauren,,,4,4.07,Gallery Books ,Kindle Edition,413,2023,2023,2/14/25,2/11/25,read
215098003,"Scythe & Sparrow (The Ruinous Love Trilogy, #3)",Brynne Weaver,,,5,4.09,Slowburn,Kindle Edition,416,2025,2025,2/13/25,2/7/25,read
174753697,"Hopeless (Chestnut Springs, #5)",Elsie Silver,,,4,4.09,Elsie Silver Literary Inc.,Kindle Edition,486,2023,2023,2/11/25,2/7/25,read
108518990,"Reckless (Chestnut Springs, #4)",Elsie Silver,,,4,4.37,Amazon Digital Services,Kindle Edition,466,2023,2023,2/10/25,2/7/25,read
220389455,"All by My Elf (Under the Mistletoe Collection, #3)",Olivia Dade,166252823X,9781662528231,0,2.59,Amazon Original Stories,Kindle Edition,54,2024,2024,,12/30/24,to-read
210482187,Variation,Rebecca Yarros,1662514697,9781662514692,0,4.18,Montlake,Kindle Edition,459,2024,2024,,12/9/24,to-read
123002250,"My Dark Romeo (Dark Prince Road, #1)",Parker S. Huntington,,,0,3.73,PSH Publishing,Kindle Edition,368,2023,2023,,4/20/24,to-read
136470356,Nocticadia,Keri Lake,,,0,4.2,,Kindle Edition,682,2023,2023,,11/1/24,to-read
122753589,That Sik Luv,Jescie Hall,,,0,3.98,,Kindle Edition,566,2023,2023,,12/10/24,to-read
199395815,Pen Pal,J.T. Geissinger,125034669X,9781250346698,0,4.13,Bramble,Kindle Edition,353,2023,2022,,10/12/24,to-read
60034351,Does It Hurt?,H.D. Carlton,,,0,3.9,,Kindle Edition,432,2022,2022,,11/27/24,to-read
62907294,"There Are No Saints (Sinners, #1)",Sophie Lark,,,0,3.79,,Kindle Edition,378,2022,2021,,12/18/24,to-read
56986379,"Lords of Pain (Royals of Forsyth University, #1)",Angel Lawson,,,0,4.01,,Kindle Edition,356,2021,2021,,1/15/25,to-read
218488438,"Year One (Kingmakers, #1)",Sophie Lark,,,0,3.87,Independently Published,Kindle Edition,482,2024,2021,,1/14/25,to-read
53176010,"Highest Bidder Collection (Highest Bidder, #1-4)",Lauren Landish,,,0,3.89,,Kindle Edition,900,2020,,,1/8/25,to-read
60167660,"Code of Silence (Dark Kingdom, #1)",Shantel Tessier,,,0,3.87,Amazon Digital Services,Kindle Edition,323,2022,2020,,10/13/24,to-read
57055158,"After (After, #1)",Anna Todd,,,0,3.72,Gallery Books,ebook,607,2014,2014,,4/22/24,to-read
63031640,"Powerless  (Chestnut Springs, #3)",Elsie Silver,,,4,4.05,,Kindle Edition,504,2023,2023,2/9/25,2/7/25,read
61373532,"Heartless (Chestnut Springs, #2)",Elsie Silver,,,5,4.37,Amazon Digital Services,Kindle Edition,476,2022,2022,2/8/25,2/7/25,read
60755618,"Flawless (Chestnut Springs, #1)",Elsie Silver,,,4,4.02,Elsie Silver via Amazon Digital Services,Kindle Edition,424,2022,2022,2/7/25,2/5/25,read
212808709,Deep End,Ali Hazelwood,,,5,3.88,Berkley,Kindle Edition,464,2025,2025,2/6/25,2/7/25,read
123247704,"House of Flame and Shadow (Crescent City, #3)",Sarah J. Maas,,,5,4.22,Bloomsbury,Kindle Edition,852,2024,2024,2/5/25,2/2/25,read
57941596,"House of Sky and Breath (Crescent City, #2)",Sarah J. Maas,1635574080,9781635574081,5,4.43,Bloomsbury Publishing ,Kindle Edition,807,2022,2022,2/2/25,1/31/25,read
44797223,"House of Earth and Blood (Crescent City, #1)",Sarah J. Maas,,,5,4.45,Bloomsbury Publishing,Kindle Edition,874,2020,2020,1/31/25,1/15/25,read
86174792,"Give Me More (Salacious Players' Club, #3)",Sara Cate,1728282152,9781728282152,0,4.16,Sourcebooks Casablanca,Paperback,336,2023,2022,,2/11/25,to-read
211000011,"Restless Stars (Zodiac Academy, #9)",Caroline Peckham,1916926177,9781916926172,0,4.28,Dark Ink Publishing,Paperback,891,2024,2024,,2/11/25,to-read
210714656,"When the Moon Hatched (Moonfall, #1)",Sarah A. Parker,0008710228,9780008710224,0,4,HarperCollins,Hardcover,576,2024,2024,,2/11/25,to-read
188563943,"Apprentice to the Villain (Assistant to the Villain, #2)",Hannah Nicole Maehrer,152991776X,9781529917765,0,4.11,Penguin,Kindle Edition,336,2024,2024,,2/11/25,to-read
210163133,"The Cinnamon Bun Book Store (Dream Harbor, #2)",Laurie Gilmore,0008641587,9780008641580,0,3.71,One More Chapter,Paperback,348,2024,2024,,2/11/25,to-read
55509886,"Addiction (The Hunted, #2)",Ivy Smoak,,,2,4.16,Loft Troll Ink,Kindle Edition,479,2020,2015,1/29/25,1/29/25,read
55509875,"Temptation (The Hunted, #1)",Ivy Smoak,,,2,3.84,Loft Troll Ink,Kindle Edition,381,2020,2015,1/29/25,1/28/25,read
123000767,Check & Mate,Ali Hazelwood,,,4,3.94,G.P. Putnam's Sons Books for Young Readers,Kindle Edition,362,2023,2023,1/27/25,1/27/25,read
209668781,"Onyx Storm (The Empyrean, #3)",Rebecca Yarros,1649376944,9781649376947,5,4.21,Entangled: Red Tower Books,Kindle Edition,758,2025,2025,1/27/25,1/24/25,read
217038069,"Love Arranged (Lakefront Billionaires, #3)",Lauren Asher,1728292158,9781728292151,0,4.01,Bloom Books,Paperback,560,2025,2025,,2/7/25,to-read
209116165,"Sweet Obsession (Dark Olympus, #8)",Katee Robert,,,0,3.59,Sourcebooks Casablanca,Kindle Edition,336,2025,2025,,2/7/25,to-read
209220944,"Out of the Woods (Out, #2)",Hannah Bonam-Young,0593871863,9780593871867,0,3.9,Dell,Paperback,336,2025,2025,,2/7/25,to-read
123204032,"Right Man, Right Time (The Agitators #3)",Meghan Quinn,1959442066,9781959442066,0,4.1,Meghan Quinn,Paperback,442,2023,2023,,2/7/25,to-read
203579254,The Games Gods Play,Abigail Owen,1649376413,9781649376411,0,4.14,Entangled: Red Tower Books,Hardcover,592,2024,2024,,2/7/25,to-read
201272328,"Love Unwritten (Lakefront Billionaires, #2)",Lauren Asher,172829214X,9781728292144,0,4.08,Bloom Books,Paperback,624,2024,2024,,2/7/25,to-read
216595852,"Blood of Hercules (Villains of Lore, #1)",Jasmine Mas,,9798990413733,0,3.94,HarperVoyager,Paperback,496,2024,2024,,2/7/25,to-read
59808792,"Sorrow and Starlight (Zodiac Academy, #8)",Caroline Peckham,,,0,4.02,Amazon Digital Services,Kindle Edition,1242,2022,2022,,2/7/25,to-read
90382259,"Love Redesigned (Lakefront Billionaires, #1)",Lauren Asher,1728292131,9781728292137,0,4.01,Bloom Books,Paperback,528,2023,2023,,2/7/25,to-read
60234574,"Hunting Adeline (Cat and Mouse, #2)",H.D. Carlton,1957635010,9781957635019,0,4.08,H. D. Carlton,Paperback,649,2022,2022,,2/7/25,to-read
150260809,"Iron Flame (The Empyrean, #2)",Rebecca Yarros,,,5,4.36,Entangled: Red Tower Books,Kindle Edition,886,2023,2023,1/24/25,1/24/25,read
63219094,"Fourth Wing (The Empyrean, #1)",Rebecca Yarros,,,5,4.57,Entangled: Red Tower Books,Kindle Edition,665,2023,2023,1/23/25,1/22/25,read
206008049,Always Alchemy (Alchemy),Elodie Hart,,,3,4.18,,Kindle Edition,342,2024,,1/22/25,1/21/25,read
206008048,Unbind (Alchemy #6),Elodie Hart,,,3,4.15,,Kindle Edition,456,2024,,1/21/25,1/20/25,read
199333612,Unstitch (Alchemy #5),Elodie Hart,,,3,4.13,,Kindle Edition,488,2024,,1/20/25,1/16/25,read
197091198,Untether (Alchemy #4),Elodie Hart,,,3,4.06,,Kindle Edition,424,2024,,1/19/25,1/19/25,read
206133832,"Unveil (Alchemy, #3)",Elodie Hart,,,3,4.08,,Kindle Edition,414,2023,2023,1/19/25,1/18/25,read
206133779,"Undulate (Alchemy, #2)",Elodie Hart,,,3,4.09,,Kindle Edition,392,2023,2023,1/17/25,1/17/25,read
206133563,"Unfurl (Alchemy, #1)",Elodie Hart,,,3,3.82,Madderson,Kindle Edition,382,2023,,1/16/25,1/15/25,read
219427435,"Play Along (Windy City, #4)",Liz Tomforde,,,4,4.47,Golden Boy Publishing LLC,Kindle Edition,384,2024,2024,1/15/25,12/6/24,read
199333363,"Caught Up (Windy City, #3)",Liz Tomforde,,,4,4.43,Golden Boy Publishing,Kindle Edition,393,2023,2023,1/14/25,1/14/25,read
84943172,"The Right Move (Windy City, #2)",Liz Tomforde,,,4,4.39,Golden Boy Publishing LLC,Kindle Edition,499,2023,2023,1/14/25,1/14/25,read
123014107,"Mile High (Windy City, #1)",Liz Tomforde,,,4,4.04, Golden Boy Publishing LLC,Kindle Edition,490,2023,2022,1/12/25,1/12/25,read
195834342,"Just for the Summer (Part of Your World, #3)",Abby Jimenez,,,5,4.36,Forever,Kindle Edition,424,2024,2024,1/12/25,12/6/24,read
64264558,"Bound (Highest Bidder, #5)",Lauren Landish,,,2,3.98,,Kindle Edition,214,2023,2023,1/11/25,1/11/25,read
212124779,Butterfly,Jo Brenner,,,1,3.6,High Rise Publishing LLC,Kindle Edition,252,2024,,1/9/25,1/9/25,read
36228521,Love and Other Words,Christina Lauren,,,4,4.22,Gallery Books,Kindle Edition,433,2018,2018,1/9/25,1/8/25,read
199276876,"Trick Shot (Brother Puckers, #1)",Kayla Grosse,,,2,3.7,Kayla Grosse,Kindle Edition,189,2023,2023,1/9/25,1/2/25,read
123004998,"Kingdom of Ash (Throne of Glass, #7)",Sarah J. Maas,,,5,4.71,Bloomsbury Publishing,Kindle Edition,988,2018,2018,1/8/25,1/5/25,read
123004979,"Tower of Dawn (Throne of Glass, #6)",Sarah J. Maas,,,5,4.28,Bloomsbury Publishing,Kindle Edition,675,2017,2017,1/5/25,1/3/25,read
126060933,"Empire of Storms (Throne of Glass, #5)",Sarah J. Maas,1619636085,9781619636088,5,4.63,Bloomsbury Publishing,Kindle Edition,733,2023,2016,1/3/25,1/3/25,read
56250247,"Theirs for the Night (Twisted Hearts, #1)",Katee Robert,,,0,3.55,Trinkets and Tales LLC,Kindle Edition,69,2018,2018,1/1/25,12/30/24,read
220389458,"Cruel Winter with You (Under the Mistletoe Collection, #1)",Ali Hazelwood,1662528396,9781662528392,3,3.68,Amazon Original Stories,Kindle Edition,72,2024,2024,12/30/24,12/9/24,read
126060012,"Queen of Shadows (Throne of Glass, #4)",Sarah J. Maas,1619636050,9781619636057,5,4.62,Bloomsbury Publishing,Kindle Edition,576,2023,2015,12/30/24,12/29/24,read
125810184,"Heir of Fire (Throne of Glass, #3)",Sarah J. Maas,1619630664,9781619630666,5,4.45,Bloomsbury,Kindle Edition,583,2023,2014,12/29/24,12/27/24,read
176623687,"The Assassin's Blade (Throne of Glass, #0.1-0.5)",Sarah J. Maas,,,4,4.2,Bloomsbury Publishing,Kindle Edition,451,2023,2014,12/26/24,12/1/24,read
123004735,"Crown of Midnight (Throne of Glass, #2)",Sarah J. Maas,,,5,4.36,Bloomsbury Publishing,Kindle Edition,440,2013,2013,12/24/24,12/22/24,read
123004704,"Throne of Glass (Throne of Glass, #1)",Sarah J. Maas,,,4,4.18,Bloomsbury Publishing,Kindle Edition,423,2012,2012,12/22/24,12/18/24,read
220186145,Holiday Hostilities (Cyclones Christmas #2),Katie Bailey,,,3,3.99,Eleventh Avenue Publishing Inc.,Kindle Edition,332,2024,,12/20/24,12/19/24,read
201919785,"Season's Schemings (Cyclones Christmas, #1)",Katie Bailey,,,3,4.02,Eleventh Avenue Publishing Inc.,Kindle Edition,262,2023,,12/19/24,12/19/24,read
196219692,"Taming 7 (Boys of Tommen, #5)",Chloe Walsh,,,4,4.32,Bloom Books,Kindle Edition,464,2024,2024,12/18/24,12/17/24,read
146943908,"Redeeming 6 (Boys of Tommen, #4)",Chloe Walsh,1464216037,9781464216039,4,4.64,Bloom Books,Kindle Edition,766,2024,2023,12/17/24,12/17/24,read
146943389,"Saving 6 (Boys of Tommen, #3)",Chloe Walsh,1464216002,9781464216008,4,4.46,Bloom Books,Kindle Edition,496,2023,2023,12/15/24,12/14/24,read
146943394,"Keeping 13 (Boys of Tommen, #2)",Chloe Walsh,1728299985,9781728299983,4,4.52,Bloom Books,Kindle Edition,667,2023,2018,12/13/24,12/13/24,read
146943294,"Binding 13 (Boys of Tommen, #1)",Chloe Walsh,1728299950,9781728299952,4,4.45,Bloom Books,Kindle Edition,618,2023,2018,12/12/24,12/11/24,read
167490050,"Forget Your Morals (The Carlson Brothers, #2)",Sarah   Blue,,,2,3.84,,Kindle Edition,315,2024,2024,12/11/24,12/10/24,read
208885936,"Swallow Your Pride (The Carlson Brothers, #1)",Sarah   Blue,,,2,3.78,,Kindle Edition,326,2024,2023,12/10/24,12/9/24,read
45170538,"Puck Me Secretly (Vancouver Wolves Hockey, #1)",Odette Stone,0995020078,9780995020078,2,3.93,,Kindle Edition,406,2019,2018,12/10/24,12/9/24,read
62898458,"The Choice (Star-Crossed Lovers Duet, #1)",Ashley Jade,,,3,4.32,,Kindle Edition,370,2023,2023,12/9/24,12/9/24,read
57797137,The Words,Ashley Jade,,,4,4.3,,Kindle Edition,676,2022,2022,12/9/24,12/7/24,read
211806755,"The Risk (Briar U, #2)",Elle Kennedy,,,3,4.22,Elle Kennedy Inc.,Kindle Edition,402,2024,2019,12/7/24,12/7/24,read
211806714,"The Chase (Briar U, #1)",Elle Kennedy,,,3,3.85,Elle Kennedy Inc.,Kindle Edition,374,2024,2018,12/7/24,12/6/24,read
58953656,"The Legacy (Off-Campus, #5)",Elle Kennedy,1990101054,9781990101052,3,3.78,EKI,Kindle Edition,339,2021,2021,12/6/24,12/6/24,read
58953641,"The Goal (Off-Campus, #4)",Elle Kennedy,,,4,3.88,Elle Kennedy,Kindle Edition,350,2021,2016,12/6/24,12/6/24,read
58953634,"The Score (Off-Campus, #3)",Elle Kennedy,,,4,4.15,Elle Kennedy,Kindle Edition,472,2021,2016,12/5/24,12/5/24,read
58953631,"The Mistake (Off-Campus, #2)",Elle Kennedy,,,3,3.97,Elle Kennedy Inc.,Kindle Edition,296,2021,2015,12/5/24,12/4/24,read
58953626,"The Deal (Off-Campus, #1)",Elle Kennedy,,,3,4.21,Elle Kennedy Inc.,Kindle Edition,342,2021,2015,12/4/24,12/3/24,read
63131361,Hawke,Jescie Hall,,,3,4.03,,Kindle Edition,439,2022,2022,12/4/24,12/3/24,read
221521038,"Lights Out (Into Darkness, #1)",Navessa Allen,,,5,4.12,Zando – Slowburn,Kindle Edition,338,2024,2024,12/3/24,12/3/24,read
219743826,"Fighting Mr. Knight  (London Mister, #3)",Rosa Lucas,,,3,4.29,,Kindle Edition,,2024,2022,12/2/24,12/2/24,read
219743757,"Resisting Mr. Kane (London Mister, #2)",Rosa Lucas,,,3,4.19,,Kindle Edition,401,2024,2022,12/1/24,12/1/24,read
219743843,"Taming Mr. Walker (London Mister, #1)",Rosa Lucas,,,3,4,,Kindle Edition,431,2021,2021,12/1/24,11/30/24,read
202407211,All the Wrong Plays (Kluvberg #2),C.W. Farnsworth,,,3,3.92,C.W. Farnsworth LLC,Kindle Edition,335,2024,,11/30/24,11/30/24,read
211929737,How My Neighbor Stole Christmas,Meghan Quinn,,,3,3.69,,Kindle Edition,482,2024,2024,11/29/24,11/27/24,read
209574297,"First Flight, Final Fall",C.W. Farnsworth,,,3,3.85,C.W. Farnsworth LLC,Kindle Edition,334,2024,,11/29/24,11/29/24,read
204538483,"The Striker (Gods of the Game, #1)",Ana Huang,,,3,3.76,,Kindle Edition,594,2024,2024,11/27/24,11/27/24,read
207601103,"Truly Madly Deeply (Forbidden Love, #1)",L.J. Shen,,,2,3.95,,Kindle Edition,514,2024,2024,11/27/24,11/26/24,read
218500922,"A Court of Silver Flames (A Court of Thorns and Roses, #4)",Sarah J. Maas,,,5,4.45,Bloomsbury Publishing,Kindle Edition,768,2024,2021,11/25/24,11/25/24,read
36156268,"A Court of Frost and Starlight (A Court of Thorns and Roses, #3.5)",Sarah J. Maas,,,4,3.72,Bloomsbury Publishing,Kindle Edition,272,2018,2019,11/23/24,11/23/24,read
57060202,"A Court of Wings and Ruin (A Court of Thorns and Roses, #3)",Sarah J. Maas,,,5,4.46,Bloomsbury USA Childrens,Kindle Edition,719,2021,2017,11/23/24,11/21/24,read
57019034,"A Court of Mist and Fury (A Court of Thorns and Roses, #2)",Sarah J. Maas,,,5,4.64,Bloomsbury USA Childrens,Kindle Edition,641,2021,2016,11/21/24,11/19/24,read
54386622,"A Court of Thorns and Roses (A Court of Thorns and Roses, #1)",Sarah J. Maas,,,5,4.16,Bloomsbury Publishing,Kindle Edition,433,2020,2015,11/19/24,10/14/24,read
218713976,"Masked Sins (Ravaged Castle, #4)",Amanda   Richardson,,,3,4.11,,Kindle Edition,470,2024,,11/18/24,11/18/24,read
195783946,"Ward Willing (Ravaged Castle, #3)",Amanda   Richardson,,,3,3.86,,Kindle Edition,474,2024,,11/17/24,11/16/24,read
157115778,"Marry Lies (Ravaged Castle, #2)",Amanda   Richardson,,,3,4.1,,Kindle Edition,440,2023,2023,11/16/24,11/16/24,read
68756078,"Prey Tell (Ravaged Castle, #1)",Amanda   Richardson,,,4,3.97,,Kindle Edition,432,2023,2023,11/15/24,11/14/24,read
214868200,"Falling (North University, #1)",Janisha  Boswell,1068657715,9781068657719,3,3.63,,Kindle Edition,548,2024,2023,11/14/24,11/13/24,read
194802722,Funny Story,Emily Henry,,,5,4.2,Berkley,Kindle Edition,395,2024,2024,11/13/24,11/13/24,read
58080366,"Fire Night (Devil's Night, #4.5)",Penelope Douglas,,,3,4.03,Penelope Douglas LLC,Kindle Edition,118,2020,2020,11/12/24,11/12/24,read
58080352,"Nightfall (Devil's Night, #4)",Penelope Douglas,1952646081,9781952646089,3,4.28,Penelope Douglas LLC,Kindle Edition,752,2021,2020,11/12/24,11/12/24,read
58080327,"Conclave (Devil's Night, #3.5)",Penelope Douglas,1952646030,9781952646034,3,3.83,Penelope Douglas LLC,Kindle Edition,114,2019,2019,11/10/24,11/9/24,read
58080310,"Kill Switch (Devil's Night, #3)",Penelope Douglas,1952646022,9781952646027,3,4.3,Penelope Douglas LLC,Kindle Edition,668,2019,2019,11/8/24,11/5/24,read
58124282,"Hideaway (Devil's Night, #2)",Penelope Douglas,1952646014,9781952646010,4,4.01,Penelope Douglas LLC,Kindle Edition,542,2017,2017,11/4/24,11/3/24,read
58080257,"Corrupt (Devil's Night, #1)",Penelope Douglas,1952646006,9781952646003,4,3.78,Penelope Douglas LLC,Kindle Edition,518,2015,2015,11/2/24,11/2/24,read
217388410,If This Was a Movie (Evergreen Park #2),Morgan  Elizabeth,,,3,3.88,,Kindle Edition,288,2024,2024,11/1/24,11/1/24,read
137142762,Too Hard (Hayes Brothers #5),I.A. Dice,,,3,4.21,,Kindle Edition,435,2023,2023,10/30/24,10/30/24,read
87556291,Too Strong (Hayes Brothers Book 4),I.A. Dice,,,3,4.1,,Kindle Edition,371,2023,,10/29/24,10/29/24,read
63847822,Too Sweet (Hayes Brothers #3),I.A. Dice,,,3,3.94,,Kindle Edition,,2023,,10/29/24,10/28/24,read
62191870,Too Wrong (Hayes Brothers #2),I.A. Dice,,,3,3.95,,Kindle Edition,325,2022,,10/28/24,10/28/24,read
62096763,Too Much (Hayes Brothers #1),I.A. Dice,,,3,3.76,,Kindle Edition,311,2022,2022,10/28/24,10/27/24,read
56250307,"The Darkest Temptation (Made, #3)",Danielle Lori,,,3,4.03,,Kindle Edition,410,2020,2020,10/27/24,10/27/24,read
45050360,"The Maddest Obsession (Made, #2)",Danielle Lori,,,3,4.25,,Kindle Edition,376,2019,2019,10/26/24,10/26/24,read
40577044,"The Sweetest Oblivion (Made, #1)",Danielle Lori,,,3,4.01,Danielle Lori,Kindle Edition,386,2018,2018,10/24/24,10/24/24,read
203146594,"God of War (Legacy of Gods, #6)",Rina Kent,,,4,4.08,Blackthorn Books,Kindle Edition,488,2024,2024,10/23/24,10/22/24,read
197769061,"God of Fury (Legacy of Gods, #5)",Rina Kent,,,4,4.5,"Blackthorn Books, LLC",Kindle Edition,522,2023,2023,10/22/24,10/19/24,read
63346945,"God of Ruin (Legacy of Gods, #4)",Rina Kent,,,4,4.11,"Blackthorn Books, LLC",Kindle Edition,430,2023,2023,10/18/24,10/18/24,read
63337195,"God of Wrath (Legacy of Gods, #3)",Rina Kent,,,4,4.18,"Blackthorn Books, LLC",Kindle Edition,490,2022,2022,10/17/24,10/17/24,read
61100791,"God of Pain (Legacy of Gods, #2)",Rina Kent,,,4,3.88,"Blackthorn Books, LLC",Kindle Edition,487,2022,2022,10/16/24,10/16/24,read
60913024,"God of Malice (Legacy of Gods, #1)",Rina Kent,,,4,3.93,"Blackthorn Books, LLC",Kindle Edition,468,2022,2022,10/14/24,10/13/24,read
204535779,"Madness (L.O.R.D.S., #6)",Shantel Tessier,,,4,4.57,,Kindle Edition,788,2024,2024,10/11/24,10/9/24,read
125274093,"Carnage (L.O.R.D.S., #5)",Shantel Tessier,,,5,4.3,,Kindle Edition,628,2023,2023,10/9/24,10/8/24,read
60600222,Sabotage,Shantel Tessier,,,4,3.83,,Kindle Edition,229,2022,2022,10/8/24,10/8/24,read
63874606,"The Sacrifice (L.O.R.D.S., #3)",Shantel Tessier,,,5,4.31,Independently Published,Kindle Edition,626,2023,2023,10/7/24,10/7/24,read
62585880,The Sinner (L.O.R.D.S. #2),Shantel Tessier,,,5,4.03,,Kindle Edition,627,2022,2022,10/7/24,10/6/24,read
58941251,"The Ritual (L.O.R.D.S., #1)",Shantel Tessier,,,5,4.05,Independently Published,Kindle Edition,606,2021,2021,10/6/24,10/5/24,read
25507389,"Priest (Priest, #1)",Sierra Simone,,,4,3.55,,Kindle Edition,354,2015,2015,10/4/24,10/3/24,read
60139252,Fumbled Futures Collection,Meagan Brandy,,,0,4.47,,Kindle Edition,744,2022,,10/3/24,10/2/24,read
40196819,Defenseless Hearts (Fumbled Futures #2),Meagan Brandy,,,4,4.1,,Kindle Edition,349,2018,2018,10/3/24,10/2/24,read
61477322,Fumbled Hearts (Tender Hearts #1),Meagan Brandy,,,4,4.15,,Kindle Edition,471,2022,2017,10/2/24,9/30/24,read
214556342,Promise Me Not,Meagan Brandy,,,4,3.6,,Kindle Edition,402,2024,2024,10/1/24,10/1/24,read
42867647,Dirty Curve,Meagan Brandy,,,4,4,Independently Published,Kindle Edition,323,2021,2021,9/30/24,9/30/24,read
62694941,The Deal Dilemma,Meagan Brandy,,,4,3.98,,Kindle Edition,504,2022,2022,9/29/24,9/29/24,read
63904528,Not So Merry Memories,Meagan Brandy,,,4,3.65,,Kindle Edition,113,2022,,9/28/24,9/28/24,read
60439165,"Say You Swear (Boys of Avix, #1)",Meagan Brandy,,,5,4.26,,Kindle Edition,552,2022,2022,9/28/24,9/27/24,read
214193687,"Pucking Sweet (Jacksonville Rays, #3)",Emily Rath,1962350029,9781962350020,5,4.2,Emily Rath Books,Kindle Edition,686,2024,2024,9/27/24,9/24/24,read
214961712,"My Rules (Kingston Lane, #2)",T.L. Swan,1662512767,9781662512766,5,4.1,Montlake,Kindle Edition,503,2024,2024,9/24/24,9/24/24,read
123179559,"My Temptation (Kingston Lane, #1)",T.L. Swan,1662512740,9781662512742,5,4,Montlake,Kindle Edition,475,2023,2023,9/24/24,9/24/24,read
198264933,"In the Game (Lakes Hockey, #3)",Sloane St. James,,,3,4.14,,Kindle Edition,424,2023,2023,9/23/24,9/23/24,read
144079074,"Strong and Wild (Lakes Hockey, #2)",Sloane St. James,,,3,4.06,,Kindle Edition,346,2023,2023,9/23/24,9/23/24,read
67682134,"Before We Came (Lakes Hockey, #1)",Sloane St. James,,,3,3.8,,Kindle Edition,348,2023,2023,9/22/24,9/21/24,read
123521616,"Mr. Hook-up (Hooked, #1)",Marni Mann,1662515537,9781662515538,2,3.92,Montlake,Kindle Edition,322,2023,2023,9/21/24,9/20/24,read
24360899,Sweet Seduction Boxed Set,Brenda Novak,1928068243,9781928068242,0,4.33,Brenda Novak's Online Auction for Diabetes Research,Kindle Edition,1663,2015,2015,,4/9/24,to-read
61218846,The Bachelor (The Dalton Family #5),Marni Mann,,,3,4.12,,Kindle Edition,370,2023,2023,9/20/24,9/20/24,read
60528212,"The Intern (The Dalton Family, #4)",Marni Mann,,,3,4,,Kindle Edition,357,2022,2022,9/19/24,9/19/24,read
196225075,"Bridesmaid for Hire (Bridesmaid for Hire, #1)",Meghan Quinn,1959442163,9781959442165,0,3.85,Meghan Quinn,Kindle Edition,450,2024,2024,9/18/24,4/20/24,read
58966029,"The Single Dad (The Dalton Family, #3)",Marni Mann,,,3,4.13,,Kindle Edition,364,2022,2022,9/18/24,9/18/24,read
58966030,"The Billionaire (The Dalton Family, #2)",Marni Mann,,,3,4.1,,Kindle Edition,353,2022,2022,9/17/24,9/17/24,read
38140787,"Signed (The Agency, #1)",Marni Mann,,,3,4.16,Marni Mann,Kindle Edition,288,2018,2018,9/16/24,9/16/24,read
58344289,"The Lawyer (The Dalton Family, #1)",Marni Mann,,,3,3.78,,Kindle Edition,330,2021,2021,9/16/24,9/16/24,read
125778927,"The Playboy (Spade Hotel, #1)",Marni Mann,,,4,3.91,,Kindle Edition,396,2023,2023,9/15/24,9/15/24,read
203061257,Shucked (The Loew Brothers #1),Kate Canterbary,,,4,3.8,Vesper Press,Kindle Edition,462,2023,2023,9/14/24,9/14/24,read
129170836,"The Anti-Hero (The Goode Brothers, #1)",Sara Cate,,,3,4,,Kindle Edition,366,2023,2023,9/13/24,9/13/24,read
213607838,Passenger Princess,Morgan  Elizabeth,,,3,3.86,,Kindle Edition,347,2024,2024,9/11/24,9/11/24,read
54848572,"Life's Too Short (The Friend Zone, #3)",Abby Jimenez,,,4,4.15,Forever,Kindle Edition,299,2021,2021,9/9/24,9/9/24,read
198111939,The Rom-Commers,Katherine Center,1250283817,9781250283818,3,4.06,St. Martin's Press,Kindle Edition,325,2024,2024,9/9/24,9/9/24,read
212699716,"My Office Rival (Keep Your Enemy Closer, #2)",Sophia Travers,,,3,4.25,Sophia Travers via Kindle Direct Publishing,Kindle Edition,314,2024,2023,9/6/24,9/6/24,read
216643986,The Bonus,T.L. Swan,,,2,4.02,T L Swan,Kindle Edition,545,2024,2024,9/5/24,9/5/24,read
62654031,"In a Jam (Friendship, RI Book 1)",Kate Canterbary,,,5,3.94,Vesper Press,Kindle Edition,474,2022,2022,9/3/24,9/3/24,read
203220902,"One Billion Reasons (Kings Lane Billionaires, #1)",Sophia Travers,,,4,4.18,Sophia Travers via Kindle Direct Publishing,Kindle Edition,292,2023,2023,9/2/24,9/2/24,read
217700248,"One Wealthy Wedding (Kings Lane Billionaires, #3)",Sophia Travers,,,5,4.26,Sophia Travers via Kindle Direct Publishing,Kindle Edition,416,2024,2024,8/31/24,8/30/24,read
41393171,The Flatshare,Beth O'Leary,1250295645,9781250295644,5,3.99,Flatiron Books,Kindle Edition,400,2019,2019,8/29/24,8/29/24,read
211930153,Change of Heart,Kate Canterbary,,,5,4.02,Vesper Press,Kindle Edition,440,2024,2024,8/26/24,8/26/24,read
42774138,"The Friend Zone (The Friend Zone, #1)",Abby Jimenez,1538715627,,4,3.9,Forever,Kindle Edition,386,2019,2019,8/25/24,8/25/24,read
51065116,"The Happy Ever After Playlist (The Friend Zone, #2)",Abby Jimenez,1538715635,,5,4.17,Forever,Kindle Edition,400,2020,2020,8/25/24,5/2/24,read
217594341,"Madame (Salacious Players' Club, #6)",Sara Cate,,,4,4.16,,Kindle Edition,492,2024,2023,8/19/24,8/19/24,read
62322599,"Highest Bidder (Salacious Players Club, #5)",Sara Cate,,,4,4.03,,Kindle Edition,336,2023,2023,8/19/24,8/19/24,read
59420470,"Mercy (Salacious Players Club, #4)",Sara Cate,,,4,4.06,,Kindle Edition,384,2022,2022,8/18/24,8/18/24,read
57346807,Work with Me (Synergy #1),Michelle McCraw,,,4,3.83,Lazy Dog Books,Kindle Edition,300,2021,2021,8/17/24,4/20/24,read
122753311,"Lovelight Farms (Lovelight, #1)",B.K. Borison,0593641124,9780593641125,4,3.83,Berkley,Kindle Edition,332,2021,2021,8/16/24,8/16/24,read
61632634,Forget Me Not,Julie  Soto,,,5,3.95,Forever,Kindle Edition,353,2023,2023,8/15/24,4/4/24,read
61790543,"Final Offer (Dreamland Billionaires, #3)",Lauren Asher,1737507749,9781737507741,4,4.19,,Kindle Edition,594,2023,2023,8/14/24,8/14/24,read
58353827,"Terms and Conditions  (Dreamland Billionaires, #2)",Lauren Asher,,,3,4.09,,Kindle Edition,435,2022,2022,8/13/24,8/13/24,read
57658071,"The Fine Print (Dreamland Billionaires, #1)",Lauren Asher,,,4,3.81,,Kindle Edition,450,2021,2021,8/12/24,8/12/24,read
63490073,Icebreaker,Hannah  Grace,,,4,3.75,Atria Books,Kindle Edition,447,2022,2022,8/11/24,8/11/24,read
83818340,"If We Were Perfect (If Love, #4)",Ana Huang,,,3,3.87,Amazon Digital Services,Kindle Edition,332,2022,2020,8/10/24,8/10/24,read
54552768,"If Love Had a Price (If Love, #3)",Ana Huang,,,3,3.83,,Kindle Edition,372,2020,2020,8/10/24,8/10/24,read
83818310,"If the Sun Never Sets (If Love, #2)",Ana Huang,,,4,3.75,Amazon Digital Services,Kindle Edition,304,2022,2020,8/8/24,8/8/24,read
59420464,"Eyes on Me (Salacious Players Club, #2)",Sara Cate,,,4,4.04,,Kindle Edition,324,2022,2022,8/4/24,8/4/24,read
62014384,"This Life and All the Rest (Next Life, #2)",Brit Benson,,,4,4.29,Brit Benson Books2022,Kindle Edition,346,2022,2022,8/3/24,8/3/24,read
60856174,"The Love of My Next Life (Next Life, #1)",Brit Benson,,,4,4.14,Amazon Digital Services,Kindle Edition,334,2022,2022,8/2/24,8/2/24,read
60060431,"Things We Never Got Over (Knockemout, #1)",Lucy Score,1945631848,9781945631849,4,4.13,That's What She Said Publishing,Kindle Edition,572,2022,2022,7/29/24,4/20/24,read
122751963,"The Long Game (Green Oak, #1)",Elena  Armas,,,4,3.56,Atria Books,Kindle Edition,380,2023,2023,7/27/24,5/2/24,read
60216196,The American Roommate Experiment,Elena  Armas,1668002787,9781668002780,5,3.79,Atria Books,Kindle Edition,397,2022,2022,7/27/24,5/2/24,read
62015945,"Yours Truly (Part of Your World, #2)",Abby Jimenez,1538704412,9781538704417,4,4.3,Forever ,Kindle Edition,417,2023,2023,7/25/24,4/16/24,read
43341641,"The Unhoneymooners (Unhoneymooners, #1)",Christina Lauren,,,5,3.9,Gallery Books,Kindle Edition,429,2019,2019,7/22/24,5/2/24,read
25190482,Kulti,Mariana Zapata,,,5,4.23,,Kindle Edition,552,2015,2015,7/21/24,4/18/24,read
205699517,"So This Is War (Vancouver Agitators, #5)",Meghan Quinn,1959442201,9781959442202,2,4.02,Hot-Lanta Publishing LLC,Kindle Edition,446,2024,2024,7/19/24,7/19/24,read
107524920,"A Touch of Chaos (Hades x Persephone Saga, #4)",Scarlett St.  Clair,1728259754,9781728259758,4,3.93,Bloom Books,Kindle Edition,584,2024,2024,7/16/24,7/16/24,read
194984166,"A Game of Gods (Hades Saga, #3)",Scarlett St.  Clair,1728259703,9781728259703,3,4.01,Bloom Books,Kindle Edition,587,2023,2023,7/15/24,7/15/24,read
58854438,A Touch of Malice (Hades X Persephone #3),Scarlett St.  Clair,1728258480,9781728258485,5,3.94,Bloom Books,Kindle Edition,466,2021,2021,7/12/24,7/12/24,read
212212407,"A Game of Retribution (Hades Saga, #2)",Scarlett St.  Clair,,,3,3.98,Bloom Books,Kindle Edition,427,2024,2022,7/11/24,7/11/24,read
58824015,A Touch of Ruin (Hades X Persephone #2),Scarlett St.  Clair,0991132386,9780991132386,4,3.79,Bloom Books,Kindle Edition,442,2020,2020,7/10/24,7/10/24,read
58921116,"A Game of Fate (Hades Saga, #1)",Scarlett St.  Clair,,,4,3.98,Bloom Books,Kindle Edition,412,2021,2020,7/9/24,7/9/24,read
58736300,"A Touch of Darkness (Hades & Persephone, #1)",Scarlett St.  Clair,0991132378,9780991132379,5,3.8,Bloom Books,Kindle Edition,397,2019,2019,7/8/24,4/4/24,read
202329680,"Leather & Lark (Ruinous Love, #2)",Brynne Weaver,1638931801,9781638931805,5,4,Slowburn,Kindle Edition,409,2024,2024,7/7/24,7/7/24,read
17406956,"Beautiful Bastard (Beautiful Bastard, #1)",Christina Lauren,,,3,3.89,Gallery Books,Kindle Edition,318,2013,2013,7/6/24,4/4/24,read
175399563,"King of Sloth (Kings of Sin, #4)",Ana Huang,1728289750,9781728289755,5,3.99,Bloom Books,Kindle Edition,464,2024,2024,5/18/24,12/6/24,read
124943221,"King of Greed (Kings of Sin, #3)",Ana Huang,,,4,3.92,,Kindle Edition,352,2023,2023,5/17/24,5/17/24,read
62994279,"King of Pride (Kings of Sin, #2)",Ana Huang,,,4,3.91,,Kindle Edition,358,2023,2023,5/17/24,5/17/24,read
217206738,"King of Wrath (Kings of Sin, #1)",Ana Huang,,,4,4.04,,Kindle Edition,398,2022,2022,5/15/24,8/7/24,read
38326753,From Lukov with Love,Mariana Zapata,,,4,4.19,,Kindle Edition,540,2018,2018,5/12/24,4/18/24,read
56921962,"Red, White & Royal Blue",Casey McQuiston,,,5,4.05,St. Martin's Griffin,Kindle Edition,425,2019,2019,5/11/24,5/11/24,read
202594184,"Pucking Ever After(Jacksonville Rays, #2.5)",Emily Rath,1962350002,9781962350006,5,4.26,Emily Rath Books,Kindle Edition,262,2023,,5/9/24,5/9/24,read
123414003,"Pucking Wild (Jacksonville Rays, #2)",Emily Rath,,9798987793381,5,4.13,Emily Rath Books,Kindle Edition,636,2023,2023,5/9/24,5/9/24,read
131906306,"Pucking Ever After: Volume 1 (Jacksonville Rays, #1.5)",Emily Rath,,,4,4.11,Emily Rath Books,Kindle Edition,138,2023,,5/8/24,5/8/24,read
68664393,"Pucking Around (Jacksonville Rays, #1)",Emily Rath,,,4,3.76,,Kindle Edition,,2023,2023,5/7/24,3/29/24,read
39963855,The Idea of You,Robinne Lee,,,4,3.74,St. Martin's Griffin,Kindle Edition,386,2017,2017,5/5/24,5/2/24,read
36042937,"Fixed Forever (Fixed, #6)",Laurelin Paige,1942835264,9781942835264,5,4.3,Paige Press,Kindle Edition,309,2018,2018,5/4/24,5/4/24,read
21417911,"Hudson (Fixed, #4)",Laurelin Paige,0991379624,9780991379620,4,4.23,EverAfter Romance,Kindle Edition,300,2014,2014,5/4/24,5/4/24,read
20420468,"Forever with You (Fixed, #3)",Laurelin Paige,0991379608,9780991379606,5,4.3,Paige Press LLC,Kindle Edition,305,2014,2014,5/2/24,5/2/24,read
18294010,"Found in You (Fixed, #2)",Laurelin Paige,,,4,4.23,Laurelin Paige,Kindle Edition,287,2013,2013,5/1/24,5/1/24,read
20809413,"Fixed on You (Fixed, #1)",Laurelin Paige,,,4,4.12,Laurelin Paige,Kindle Edition,296,2013,2013,4/30/24,4/4/24,read
60178209,"When in Rome (When in Rome, #1)",Sarah       Adams,0593500792,9780593500798,3,3.88,Dell,Kindle Edition,312,2022,2022,4/29/24,4/24/24,read
18721666,"Wallbanger (Cocktail, #1)",Alice Clayton,,,4,3.98,Gallery Books,Kindle Edition,385,2013,2012,4/29/24,4/24/24,read
61938393,Hello Stranger,Katherine Center,1250283795,9781250283795,3,3.92,St. Martin's Press,Kindle Edition,336,2023,2023,4/28/24,4/16/24,read
27512229,Perfectly Imperfect,Harper Sloan,,,2,3.97,,Kindle Edition,409,2015,2015,4/27/24,4/27/24,read
61761938,Happy Place,Emily Henry,0593441206,9780593441206,5,3.95,Berkley,Kindle Edition,395,2023,2023,4/26/24,4/16/24,read
61942150,"Royally In Trouble (Royal, #2)",Meghan Quinn,1735528153,9781735528151,5,4.09,,Kindle Edition,518,2023,2023,4/24/24,4/24/24,read
61897968,"Practice Makes Perfect (When in Rome, #2)",Sarah       Adams,0593500806,9780593500804,0,4,Dell,Paperback,335,2023,2023,,5/2/24,to-read
198433147,"Royally Not Ready (Royal, #1)",Meghan Quinn,,,5,3.88,"Hot-Lanta Publishing, LLC",Kindle Edition,438,2022,2022,4/23/24,4/20/24,read
27213238,The Hating Game,Sally  Thorne,,,5,3.86,William Morrow Paperbacks,Kindle Edition,365,2016,2016,4/21/24,4/21/24,read
33313644,"American Prince (New Camelot Trilogy, #2)",Sierra Simone,1949364852,9781949364859,2,3.96,,Kindle Edition,316,2017,2017,4/20/24,4/20/24,read
58803341,The Bodyguard,Katherine Center,125021940X,9781250219404,4,3.95,St. Martin's Press,Kindle Edition,310,2022,2022,4/20/24,4/20/24,read
59696611,"The Spanish Love Deception (Spanish Love Deception, #1)",Elena  Armas,,,4,3.8,Atria Books,Kindle Edition,447,2021,2021,4/20/24,4/20/24,read
50291659,Priceless,Miranda Silver,,,3,3.8,,Kindle Edition,391,2020,2020,4/19/24,4/20/24,read
30314992,"American Queen (New Camelot Trilogy, #1)",Sierra Simone,153344367X,9781533443670,3,3.82,Createspace Independent Pub,Kindle Edition,393,2016,2016,4/19/24,4/21/24,read
51884582,Heidi's Guide to Four Letter Words,Tara Sivec,,,0,3.87,Sivec & Arndt,Kindle Edition,197,2019,2019,4/18/24,5/6/24,read
199667455,Butcher & Blackbird (The Ruinous Love Trilogy #1),Brynne Weaver,,,5,4.02,Zando,Kindle Edition,355,2023,2023,4/17/24,3/29/24,read
38232275,"Getting Schooled (Getting Some, #1)",Emma Chase,,,3,3.99,Audible Studios,Audible Audio,8,2018,2018,4/16/24,4/16/24,read
197552845,Told You So,Leeanne Slade,,,0,3.86,,Audiobook,334,2023,,,4/24/24,to-read
58100280,"The Cheat Sheet (The Cheat Sheet, #1)",Sarah       Adams,,,0,3.71,,Kindle Edition,306,2021,2021,,4/24/24,to-read
16140036,"This Man (This Man, #1)",Jodi Ellen Malpas,,,0,4.05,,ebook,448,2012,2012,,4/24/24,to-read
35008850,"Burn for You (Slow Burn, #1)",J.T. Geissinger,1542097452,9781542097451,0,4.04,Montlake Romance,Kindle Edition,349,2017,2017,,4/20/24,to-read
38205372,"Bigger Rock (Big Rock, #1-4)",Lauren Blakely,,,0,4.34,Lauren Blakely Books,Kindle Edition,792,2018,2018,,4/20/24,to-read
50771279,"Manic Monday (Charity Case, #1)",Piper Rayne,,,0,4,,Kindle Edition,298,2019,2018,,4/20/24,to-read
198247815,"Mother Faker (The Momcoms, #1)",Brittanee Nicole,,,0,4.17,,Kindle Edition,340,2024,2024,,4/20/24,to-read
25802884,"Hollywood Dirt (Hollywood Dirt, #1)",Alessandra Torre,1940941709,9781940941707,0,4.06,Amazon Digital Services,Kindle Edition,431,2015,2015,,4/20/24,to-read
62298454,"Make Me (The Fox Family Crime Syndicate, #1)",Summer  O'Toole,,,0,3.59,,Kindle Edition,295,2022,,,4/20/24,to-read
29367958,The Wall of Winnipeg and Me,Mariana Zapata,,,0,4.16,,Kindle Edition,475,2016,2016,,4/18/24,to-read
30839185,"Vicious (Sinners of Saint, #1)",L.J. Shen,,,0,3.93,L.J. Shen,Kindle Edition,339,2016,2016,,4/18/24,to-read
33288638,Wait for It,Mariana Zapata,,,0,4.28,Amazon Digital Services LLC,Kindle Edition,418,2016,2016,,4/18/24,to-read
36199084,"The Kiss Quotient (The Kiss Quotient, #1)",Helen  Hoang,0451490819,,0,3.87,Berkley,Kindle Edition,323,2018,2018,,4/16/24,to-read
75665887,"You, Again",Kate Goldbeck,059344812X,9780593448120,0,3.56,Random House Publishing Group,Paperback,448,2023,2023,,4/16/24,to-read
32503589,A Love Letter to Whiskey,Kandi Steiner,,,0,4.11,Kandi Steiner,Kindle Edition,380,2016,2016,,4/4/24,to-read
62022434,"Things We Hide from the Light (Knockemout, #2)",Lucy Score,,9798886439045,0,4.04,That's What She Said Publishing,Kindle Edition,594,2023,2023,,4/16/24,to-read
6283272,"Darkfever (Fever, #1)",Karen Marie Moning,,,0,4.05,Delacorte Press,Kindle Edition,382,2006,2006,,4/4/24,to-read
41060893,"In Flight (Up in the Air, #1)",R.K. Lilley,,,0,4.07,R.K. Lilley,ebook,330,2012,2012,,4/4/24,to-read
17337340,"Beauty From Pain (Beauty, #1)",Georgia Cates,1301550752,9781301550753,0,4.21,"Georgia Cates Books, LLC",Kindle Edition,284,2014,2013,,4/4/24,to-read
25059548,"Broken (Broken Trilogy, #1)",J.L. Drake,1680580701,9781680580709,0,4.36,"Limitless Publishing, LLC",Kindle Edition,351,2015,2015,,4/4/24,to-read
200176685,Dark Restraint (Dark Olympus #7),Katee Robert,1728262844,9781728262840,0,3.48,Sourcebooks Casablanca,Kindle Edition,315,2024,2024,,4/4/24,to-read
32822135,Archer's Voice,Mia Sheridan,1538727374,9781538727379,0,4.17,Forever,ebook,377,2016,2014,,3/29/24,to-read
41072374,"Damien (Stark Trilogy, #6)",J. Kenner,1948050757,9781948050753,4,4.27,"Evil Eye Concepts, Incorporated",Kindle Edition,175,2019,2019,4/15/24,4/9/24,read
36557242,"Please Me (Stark Ever After, #4.2)",J. Kenner,1948050161,9781948050166,4,4.16,"Evil Eye Concepts, Inc.",Kindle Edition,120,2018,2018,4/14/24,9/29/24,read
211106620,The Accidental Dating Experiment,Lauren Blakely,,,4,3.52,Audible Originals,Audible Audio,7,2024,2024,4/14/24,4/15/24,read
199053671,Still Hung Up on You,Liz Maverick,,,3,3.55,Audible Originals,Audible Audio,3,2023,,4/12/24,4/15/24,read
43796237,"Lucky Suit (The Guys Who Got Away, #6)",Lauren Blakely,,,2,3.47,Audible Studios,Audible Audio,3,2019,2019,4/12/24,4/15/24,read
59484301,"Think Outside the Boss (New York Billionaires, #1)",Olivia Hayle,,,3,4,W. F. Howes Ltd.,Audible Audio,8,2021,2021,4/11/24,4/15/24,read
59578292,The Royal Assignment,Terence Gray,,,3,3.19,Audible Originals,Audible Audio,5,2021,2021,4/11/24,4/15/24,read
36624184,Anchor Me (Stark Trilogy #4),J. Kenner,,,4,4.22,Martini & Olive,Kindle Edition,327,2017,2017,4/10/24,4/9/24,read
60625521,"Seatmate (Love Lines, #3)",Cara Bastone,,,4,3.92,Audible Originals,Audible Audio,5,2022,2022,4/10/24,4/15/24,read
31821808,"Tempt Me (Stark International Security, #2)",J. Kenner,1945920084,9781945920080,4,4.25,Evil Eye Concepts,Kindle Edition,120,2018,2017,4/10/24,4/9/24,read
48760170,"The Beast (Wicked Villains, #4)",Katee Robert,1951329910,9781951329914,3,3.81,Trinkets and Tales LLC,Kindle Edition,284,2020,2020,4/9/24,12/31/24,read
51500614,"A Worthy Opponent (Wicked Villains, #3)",Katee Robert,1951329945,9781951329945,3,3.84,Trinkets and Tales LLC,Kindle Edition,270,2020,2020,4/9/24,12/31/24,read
52641926,"Learn My Lesson (Wicked Villains, #2)",Katee Robert,1532398093,9781532398094,3,3.7,Trinkets and Tales LLC,Kindle Edition,268,2019,2019,4/9/24,12/31/24,read
206299177,"Desperate Measures (Wicked Villains, #1)",Katee Robert,1464227993,9781464227998,3,3.53,Sourcebooks Casablanca,Kindle Edition,278,2024,2019,4/9/24,12/31/24,read
36568823,"Lost With Me (Stark Trilogy, #5)",J. Kenner,1940673844,9781940673844,0,4.3,Martini & Olive,Kindle Edition,277,2018,2018,4/9/24,4/9/24,read
33388255,"Hold Me (Stark Saga, #4.1)",J. Kenner,,,0,4.16,"Evil Eye Concepts, Incorporated",Kindle Edition,120,2017,2017,4/9/24,4/9/24,read
29472235,Steal My Heart (Stark Ever After #6.1),J. Kenner,,,4,4.25,J. Kenner,Kindle Edition,,2016,2016,4/9/24,4/9/24,read
57386055,"Sweet Talk (Love Lines, #2)",Cara Bastone,,,3,3.9,Audible Originals,Audible Audio,6,2021,2021,4/9/24,4/15/24,read
27204703,"Unwrap Me (Stark Trilogy, #3.5)",J. Kenner,1472236378,9781472236371,4,4.06,Headline Eternal,Kindle Edition,92,2015,2015,4/9/24,4/9/24,read
32098021,Take My Dare (Stark International Trilogy #4),J. Kenner,1940673348,9781940673349,4,4.22,Martini & Olive,Kindle Edition,153,2016,2016,4/9/24,4/9/24,read
23960609,"Under My Skin (Stark International Trilogy, #3)",J. Kenner,0553395246,9780553395242,4,4.16,Bantam,Kindle Edition,352,2015,2015,4/8/24,4/8/24,read
23430458,"On My Knees (Stark International Trilogy, #2)",J. Kenner,,,4,4.16,Bantam,Kindle Edition,352,2015,2015,4/8/24,4/8/24,read
28387298,"Play My Game (Stark Trilogy, #3.7)",J. Kenner,,,4,4.08,Random House Publishing Group,Kindle Edition,,2015,2015,4/7/24,4/9/24,read
26703626,"Seduce Me (Stark Trilogy, #3.4)",J. Kenner,0425284883,9780425284889,4,4.15,Random House Publishing Group,Kindle Edition,63,2015,2015,4/7/24,4/9/24,read
23308147,"Have Me (Stark Trilogy, #3.2)",J. Kenner,0553394932,9780553394931,4,3.94,Bantam,Kindle Edition,104,2014,2014,4/7/24,4/9/24,read
23232948,"Say My Name (Stark International Trilogy, #1)",J. Kenner,0553395203,9780553395204,4,4.08,Bantam,Kindle Edition,307,2015,2015,4/7/24,4/7/24,read
19282938,"Tame Me (Stark International Security, #1)",J. Kenner,,,4,4.08," Evil Eye Concepts, Incorporated",Kindle Edition,80,2014,2014,4/6/24,4/9/24,read
18346345,"Take Me (Stark Trilogy, #3.1)",J. Kenner,0804180423,9780804180429,4,4.14,Random House ,Kindle Edition,94,2013,2013,4/6/24,4/6/24,read
17878921,"Complete Me (Stark Trilogy, #3)",J. Kenner,,,4,4.21,Bantam,Kindle Edition,322,2013,2013,4/6/24,4/6/24,read
17415810,"Claim Me (Stark Trilogy, #2)",J. Kenner,0345545842,9780345545848,4,4.19,Bantam,Kindle Edition,386,2013,2013,4/5/24,4/5/24,read
17789853,"Release Me (Stark Trilogy, #1)",J. Kenner,,,4,4.1,Bantam,Kindle Edition,352,2013,2013,4/5/24,3/29/24,read
63106710,"Love, Theoretically",Ali Hazelwood,,,5,4.08,Berkley ,Kindle Edition,400,2023,2023,4/4/24,4/4/24,read
97057731,Love at First Psych,Cara Bastone,,,4,3.62,Audible Originals,Audible Audio,5,2023,2023,4/3/24,4/15/24,read
107524940,"First Holiday (Dark Olympus, #1.1)",Katee Robert,,,5,3.54,,Kindle Edition,,2022,,4/3/24,4/4/24,read
63841848,Turkey Day (Dark Olympus #1.2),Katee Robert,,,5,3.84,,Kindle Edition,15,2022,2022,4/3/24,4/4/24,read
107357118,Wicked Beauty Epilogue (Dark Olympus),Katee Robert,,,5,3.45,,Kindle Edition,12,2022,,4/3/24,4/1/24,read
62872570,"Zeus and Hera (Dark Olympus, #2.5)",Katee Robert,,,5,4.02,,Kindle Edition,8,2022,,4/3/24,4/4/24,read
59125732,"Hades and Hades (Dark Olympus, #1.5)",Katee Robert,,,5,3.93,,Kindle Edition,45,2021,2021,4/3/24,4/4/24,read
123416326,"Midnight Ruin (Dark Olympus, #6)",Katee Robert,,,5,3.7,Sourcebooks Casablanca,Kindle Edition,316,2024,2024,4/3/24,4/4/24,read
63003766,"Cruel Seduction (Dark Olympus, #5)",Katee Robert,172826278X,9781728262789,5,3.69,Sourcebooks Casablanca,Kindle Edition,386,2023,2023,4/2/24,4/2/24,read
61143436,"Radiant Sin (Dark Olympus, #4)",Katee Robert,1728257026,9781728257020,5,3.78,Sourcebooks Casablanca,Kindle Edition,356,2023,2023,4/1/24,4/1/24,read
48662527,"Beautifully Cruel (Beautifully Cruel, #1)",J.T. Geissinger,,,4,4.13,"J.T. Geissinger, Inc.",Kindle Edition,336,2020,2020,3/31/24,3/31/24,read
58945351,"Wicked Beauty (Dark Olympus, #3)",Katee Robert,1728231809,9781728231808,5,3.93,Sourcebooks Casablanca,Kindle Edition,402,2022,2022,3/30/24,3/30/24,read
55423823,"Call Me Maybe (Love Lines, #1)",Cara Bastone,,,3,3.95,Audible Originals,Audible Audio,6,2020,2020,3/29/24,4/15/24,read
55239561,"Neon Gods (Dark Olympus, #1)",Katee Robert,1728231744,9781728231747,5,3.68,Sourcebooks Casablanca,Kindle Edition,384,2021,2021,3/29/24,4/4/24,read
210277479,"Failure to Match (Bad Billionaire Bosses, #2)",Kyra Parsi,,,5,4.19,Independently Published,Kindle Edition,430,2024,,3/28/24,3/28/24,read
62091172,Miles Ever After (The Miles High Club),T.L. Swan,,,4,4.28,T L Swan,Kindle Edition,236,2023,2023,3/27/24,3/27/24,read
61051089,The Do-Over (The Miles High Club #4),T.L. Swan,1542034604,9781542034609,4,4.22,Montlake,Kindle Edition,553,2022,2022,3/27/24,3/27/24,read
57200226,The Casanova (The Miles High Club #3),T.L. Swan,154202806X,9781542028066,4,4.3,Montlake,Kindle Edition,507,2021,2021,3/27/24,3/27/24,read
62325996,To Make Matters Worse,Elle  Rivers,,,3,3.63,,Kindle Edition,396,2022,,3/26/24,3/26/24,read
25312284,"Hard Limit (Hacker, #4)",Meredith Wild,1455591807,9781455591800,4,4.3,Forever,Kindle Edition,295,2015,2014,3/25/24,3/25/24,read
25367543,"Hard Love (Hacker, #5)",Meredith Wild,1455591742,9781455591749,4,4.29,Forever,Kindle Edition,304,2015,2015,3/25/24,3/25/24,read
52276459,The Takeover (The Miles High Club #2),T.L. Swan,1542017343,9781542017343,5,4.4,Montlake,Kindle Edition,477,2020,2020,3/25/24,3/25/24,read
25313804,"Hardline (Hacker, #3)",Meredith Wild,1455591793,9781455591794,4,4.22,Forever,Kindle Edition,279,2015,2014,3/24/24,3/25/24,read
25312406,"Hardwired (Hacker, #1)",Meredith Wild,1455591696,9781455591695,4,4.02,Grand Central Publishing,Kindle Edition,281,2015,2013,3/23/24,3/23/24,read
25312405,"Hardpressed (Hacker, #2)",Meredith Wild,1455591718,9781455591718,4,4.23,Forever,Kindle Edition,304,2015,2013,3/23/24,3/23/24,read
199334767,Same Time Next Year,Tessa Bailey,1662517912,9781662517914,2,3.39,Amazon Original Stories,Kindle Edition,143,2023,2023,3/22/24,3/22/24,read
61211202,"Reluctantly Yours (Unexpectedly in Love, #1)",Erin Hawkins,1735688347,9781735688343,4,3.79,Erin Hawkins,Kindle Edition,340,2022,2022,3/22/24,3/22/24,read
27845794,"One with You (Crossfire, #5)",Sylvia Day,,,5,4.14,St. Martin's Griffin,Kindle Edition,482,2016,2016,3/21/24,3/21/24,read
101857683,"Captivated by You (Crossfire, #4)",Sylvia Day,,,5,4.12,Berkley ,Kindle Edition,369,2023,2014,3/20/24,3/20/24,read
108393085,"Entwined with You (Crossfire, #3)",Sylvia Day,1101604921,9781101604922,5,4.18,Penguin Group (USA),Kindle Edition,,2023,2013,3/19/24,3/19/24,read
13826979,"Bared to You (Crossfire, #1)",Sylvia Day,,,5,4.13,Berkley,Kindle Edition,338,2012,2012,3/18/24,3/18/24,read
14622962,"Reflected in You (Crossfire, #2)",Sylvia Day,,,5,4.3,Berkley,Kindle Edition,352,2012,2012,3/18/24,3/18/24,read
36148585,"Surrender To Me (Wolf Hotel, #4)",Nina  West,1990105076,9781990105074,5,4.22,K.A. Tucker Books Ltd.,Kindle Edition,306,2017,2017,3/17/24,3/17/24,read
200693861,"Own Me (The Wolf Hotel, #5)",K.A. Tucker,1990105440,9781990105449,5,4.16,K.A. Tucker Books Ltd.,Kindle Edition,350,2023,2023,3/17/24,3/17/24,read
53195724,"Break Me (The Wolf Hotel, #2)",Nina  West,199010505X,9781990105050,5,4.05,K.A. Tucker Books Ltd.,Kindle Edition,298,2016,2016,3/16/24,3/16/24,read
32058637,"Teach Me (Wolf Hotel, #3)",Nina  West,1990105068,9781990105067,5,4.01,K.A. Tucker Books Ltd.,Kindle Edition,300,2016,2016,3/16/24,3/16/24,read
63364278,"Tempt Me (The Wolf Hotel, #1)",Nina  West,1990105041,9781990105043,5,3.9,Amazon Digital Services,Kindle Edition,296,2022,2015,3/16/24,3/16/24,read
53667619,"Boss in the Bedsheets (The Santillian Triplets, #2)",Kate Canterbary,,,4,3.97,Vesper Press,Kindle Edition,406,2020,2020,3/15/24,3/15/24,read
176816880,"Camera Shy (Lessons in Love, #1)",Kay Cove,,,5,4.02,,Kindle Edition,446,2023,,3/14/24,3/14/24,read
49079064,Ruthless Prince (Ruthless Rulers #1),Stella Hart,,,5,3.95,,Kindle Edition,408,2019,,3/13/24,3/13/24,read
49079063,Broken Princess (Ruthless Rulers #3),Stella Hart,,,5,4.09,,Kindle Edition,268,2020,,3/13/24,3/13/24,read
49079061,Sinful Palace (Ruthless Rulers #2),Stella Hart,,,5,4,,Kindle Edition,314,2020,,3/13/24,3/13/24,read
200033357,The Exception to the Rule,Christina Lauren,1662519893,9781662519895,4,4.2,Amazon Original Stories,Kindle Edition,101,2024,2024,3/11/24,3/11/24,read
59955788,The Worst Guy (Vital Signs #2),Kate Canterbary,,,5,3.94,Vesper Press,Kindle Edition,378,2021,2021,3/11/24,3/11/24,read
55877731,"Part-Time Husband (Trophy Husbands, #1)",Noelle  Adams,,,2,4.01,,Kindle Edition,257,2020,2018,3/10/24,3/10/24,read
50089880,"The Amendment (The Contract, #2)",Melanie Moreland,,,4,4.15,Moreland Books Inc,Kindle Edition,266,2019,2019,3/9/24,3/9/24,read
35103521,"The Baby Clause 2.0 (The Contract, #1.5)",Melanie Moreland,1988610028,9781988610023,3,4.11,Moreland Books Inc,Kindle Edition,83,2017,2017,3/8/24,4/4/24,read
60177748,"The Addendum (The Contract, #3)",Melanie Moreland,1990803121,9781990803123,3,4.15,Moreland Books Inc,Kindle Edition,372,2022,2022,3/8/24,4/4/24,read
31214995,"The Baby Clause (The Contract, #1.25)",Melanie Moreland,0993619886,9780993619885,3,4.05,Enchanted,Kindle Edition,20,2016,2016,3/8/24,4/4/24,read
39933262,"The Contract (The Contract, #1)",Melanie Moreland,,,3,3.89,Enchanted Publications,Kindle Edition,360,2016,2016,3/8/24,3/8/24,read
50483562,Credence,Penelope Douglas,1952646065,9781952646065,4,3.68,Penelope Douglas LLC,Kindle Edition,487,2020,2020,3/8/24,3/8/24,read
41021967,Punk 57,Penelope Douglas,1952646049,9781952646041,5,3.76,Penelope Douglas LLC ,Kindle Edition,343,2016,2016,3/6/24,3/6/24,read
45156972,The Stopover (The Miles High Club #1),T.L. Swan,1542015863,,4,4,Montlake Romance,Kindle Edition,525,2019,2019,3/5/24,3/5/24,read
39865941,Birthday Girl,Penelope Douglas,1952646057,9781952646058,5,3.92,Penelope Douglas LLC,Kindle Edition,407,2018,2018,3/5/24,3/5/24,read
59420133,"Praise (Salacious Players Club, #1)",Sara Cate,,,3,4.1,,Kindle Edition,338,2025,2022,3/4/24,3/4/24,read
33361549,"Paint It All Red (Mindf*ck, #5)",S.T. Abby,,,5,4.55,,Kindle Edition,177,2016,2016,3/3/24,4/4/24,read
33304878,"Scarlet Angel (Mindf*ck, #3)",S.T. Abby,,,5,4.39,,Kindle Edition,139,2016,2016,3/3/24,4/4/24,read
33361546,"All the Lies (Mindf*ck, #4)",S.T. Abby,,,5,4.51,,Kindle Edition,141,2016,2016,3/3/24,3/3/24,read
33155479,"The Risk (Mindf*ck, #1)",S.T. Abby,,,5,4.25,,Kindle Edition,132,2016,2016,3/3/24,3/3/24,read
33271162,"Sidetracked (Mindf*ck, #2)",S.T. Abby,,,5,4.36,S.T. Abby,Kindle Edition,115,2016,2016,3/3/24,3/3/24,read
62626164,Untying the Knot,Meghan Quinn,1735528188,9781735528182,5,4.03,Meghan Quinn,Kindle Edition,501,2022,2022,3/2/24,3/2/24,read
209253529,"A Long Time Coming (Cane Brothers, #3)",Meghan Quinn,1959442007,9781959442004,4,4.24,Meghan Quinn,Kindle Edition,450,2024,2023,3/2/24,3/2/24,read
209253459,"So Not Meant To Be (Cane Brothers, #2)",Meghan Quinn,1959442198,9781959442196,4,3.92,Hot-Lanta Publishing LLC,Kindle Edition,466,2024,2022,3/2/24,3/2/24,read
60217302,"Twisted Lies (Twisted, #4)",Ana Huang,,,4,4.17,,Kindle Edition,530,2022,2022,3/2/24,3/2/24,read
56688531,"Twisted Hate (Twisted, #3)",Ana Huang,,,5,3.95,,Kindle Edition,522,2022,2022,3/1/24,3/1/24,read
55817097,"Twisted Love (Twisted, #1)",Ana Huang,,,3,3.71,,Kindle Edition,360,2021,2021,2/29/24,3/2/24,read
56653002,"Twisted Games (Twisted, #2)",Ana Huang,,,5,4.08,,Kindle Edition,456,2021,2021,2/29/24,3/2/24,read
209253367,"A Not So Meet Cute (Cane Brothers, #1)",Meghan Quinn,1959442171,9781959442172,5,4.02,Hot-Lanta Publishing LLC,Kindle Edition,418,2024,2021,2/28/24,2/28/24,read
61409879,"Paint Me Perfect (Love, Me & the 303, #1)",Kay Cove,,,3,3.84,Kay Cove LLC,Kindle Edition,324,2022,,2/25/24,4/4/24,read
60378611,"Honestly, I'm Totally Faking It",Amanda Gambill,,,5,4.08,,Kindle Edition,362,2022,,2/24/24,3/2/24,read
182125785,In Love And War,Kyra Parsi,,,3,3.74,,Kindle Edition,233,2023,,2/24/24,3/2/24,read
183020480,A Deal with the Bossy Devil (Bad Billionaire Bosses #1),Kyra Parsi,,,5,4.12,,Kindle Edition,434,2023,2023,2/23/24,3/2/24,read